N,Seed,Obj_Static,Obj_K2,Obj_K3,Obj_UB,Depth,Obj_Tree,T_Tree,Obj_Rand,Gap_Tree_UB,Gap_Rand_UB,Gap_K3_UB,Val_Learn,Impv_vs_K2
10,2024,1.385206750718731,2.2142554604234217,2.6014259875737142,3.2643151974909395,2,1.752554479623389,0.05470848083496094,1.5568443732435933,86.26041218372947,109.67511291381884,25.4817631977101,12.570948628092173,-20.851296928121556
10,2024,1.385206750718731,2.2142554604234217,2.6014259875737142,3.2643151974909395,3,1.8556183658350491,0.12151074409484863,1.5825701468058506,75.9152236037479,106.26669876715455,25.4817631977101,17.25346706307458,-16.196735245706115
10,2024,1.385206750718731,2.2142554604234217,2.6014259875737142,3.2643151974909395,4,1.9404686654160619,0.2255997657775879,1.6468378203827259,68.22303063528355,98.2171624363297,25.4817631977101,17.829979455116966,-12.364733875602811
10,2024,1.385206750718731,2.2142554604234217,2.6014259875737142,3.2643151974909395,5,2.0896871984212275,0.27495551109313965,1.7979847753033935,56.2107094285284,81.55410670483103,25.4817631977101,16.223853901577776,-5.6257403099447965
10,2024,1.385206750718731,2.2142554604234217,2.6014259875737142,3.2643151974909395,6,2.1462379902051154,0.5471749305725098,1.7979847753033935,52.09474496250854,81.55410670483103,25.4817631977101,19.36908586130588,-3.0717986896281437
10,2024,1.385206750718731,2.2142554604234217,2.6014259875737142,3.2643151974909395,7,2.293452069461469,0.9446406364440918,1.9213127097980847,42.331956309749316,69.90025521842273,25.4817631977101,19.36901566130238,3.5766699214959936
10,2024,1.385206750718731,2.2142554604234217,2.6014259875737142,3.2643151974909395,8,2.333073256624663,1.6725788116455078,1.9967429214213621,39.91481785760709,63.48199672931698,25.4817631977101,16.84394779092981,5.3660383061004335
10,2024,1.385206750718731,2.2142554604234217,2.6014259875737142,3.2643151974909395,9,2.4594946187577245,6.3016133308410645,2.029909679650436,32.723006287353655,60.81085923256825,25.4817631977101,21.16276125060234,11.075468152505168
10,2124,1.3480690567604736,2.1326070498277048,2.438235910492949,2.9236284621226796,2,1.5899923316074867,0.04439067840576172,1.4950031938631356,83.87689072480514,95.56001446177055,19.90753025746374,6.353774903911481,-25.443727116256902
10,2124,1.3480690567604736,2.1326070498277048,2.438235910492949,2.9236284621226796,3,1.6780238164657242,0.06147933006286621,1.7270838563601185,74.2304509289066,69.28121071575036,19.90753025746374,-2.8406287114390527,-21.31584594539846
10,2124,1.3480690567604736,2.1326070498277048,2.438235910492949,2.9236284621226796,4,1.8683593166697081,0.09555530548095703,1.733658560359722,56.48105993519253,68.6392308711611,19.90753025746374,7.769739635585253,-12.390830893077347
10,2124,1.3480690567604736,2.1326070498277048,2.438235910492949,2.9236284621226796,5,1.99144469316786,0.29740190505981445,1.752495648328836,46.80942293566599,66.82657471421541,19.90753025746374,13.634786772046112,-6.61923895784033
10,2124,1.3480690567604736,2.1326070498277048,2.438235910492949,2.9236284621226796,6,2.053633245977446,0.29594993591308594,1.7734265942385259,42.36370918952236,64.85759667870705,19.90753025746374,15.800296028561323,-3.7031577784870926
10,2124,1.3480690567604736,2.1326070498277048,2.438235910492949,2.9236284621226796,7,2.1969159843484376,1.7114217281341553,1.7858937960219448,33.078755990287476,63.70673713269087,19.90753025746374,23.014928952776444,3.015507921439555
10,2124,1.3480690567604736,2.1326070498277048,2.438235910492949,2.9236284621226796,8,2.27945558710231,2.285705327987671,1.835688372369471,28.259944114079243,59.26605550967873,19.90753025746374,24.174430770078516,6.885869447279054
10,2124,1.3480690567604736,2.1326070498277048,2.438235910492949,2.9236284621226796,9,2.287698677001597,3.3155620098114014,1.9304089872250094,27.797794854459273,51.45124590025026,19.90753025746374,18.508497014935493,7.272395877450655
10,2224,1.8190244518329832,2.911025458797708,3.419108188903542,3.7979189042323416,2,2.2759371248511777,0.18755722045898438,2.1834585118231216,66.87275156956215,73.94051151726234,11.07922576296945,4.235418833346154,-21.81665337302924
10,2224,1.8190244518329832,2.911025458797708,3.419108188903542,3.7979189042323416,3,2.5230443556122757,0.17840147018432617,2.220945635158693,50.529216649886756,71.00458669988872,11.07922576296945,13.602256429477919,-13.327987290969054
10,2224,1.8190244518329832,2.911025458797708,3.419108188903542,3.7979189042323416,4,2.6522156855682666,0.404371976852417,2.2505462142902593,43.19796556887474,68.7554283540926,11.07922576296945,17.847643773210823,-8.890673643793315
10,2224,1.8190244518329832,2.911025458797708,3.419108188903542,3.7979189042323416,5,2.7641901366228585,0.6004064083099365,2.3255492928197374,37.397165770674455,63.312767265722,11.07922576296945,18.861816653701947,-5.044109859330953
10,2224,1.8190244518329832,2.911025458797708,3.419108188903542,3.7979189042323416,6,2.975716431373357,0.8643884658813477,2.4304320252231824,27.630404032803646,56.26517692399092,11.07922576296945,22.435698694354635,2.222274366585831
10,2224,1.8190244518329832,2.911025458797708,3.419108188903542,3.7979189042323416,7,3.101864306749957,3.2307217121124268,2.516113719141174,22.43987900978461,50.943849450838286,11.07922576296945,23.279972727493313,6.555725831098301
10,2224,1.8190244518329832,2.911025458797708,3.419108188903542,3.7979189042323416,8,3.2023610587239477,3.549428939819336,2.5227277853166967,18.597460891736773,50.54810615468608,11.07922576296945,26.940412570987384,10.008005908906252
10,2224,1.8190244518329832,2.911025458797708,3.419108188903542,3.7979189042323416,9,3.2904968010526816,9.14094066619873,2.6601274180697594,15.420835632398354,42.772067173691475,11.07922576296945,23.696961983886116,13.035658657952807
10,2324,1.7259016564413148,2.7739844706656687,3.2776372673688456,3.9554496494931985,2,2.0131298403532405,0.11966347694396973,1.9606501321613679,96.48258995550643,101.7417378353382,20.679908325196497,2.6766482877809734,-27.428222412861853
10,2324,1.7259016564413148,2.7739844706656687,3.2776372673688456,3.9554496494931985,3,2.265887953491138,0.0881657600402832,2.0063440125150382,74.56510342441646,97.14713054292584,20.679908325196497,12.936163457369911,-18.316487440630976
10,2324,1.7259016564413148,2.7739844706656687,3.2776372673688456,3.9554496494931985,4,2.4688040421721915,0.1593334674835205,2.02876295052802,60.21723806045672,94.96854713675276,20.679908325196497,21.690118676982127,-11.001518996256078
10,2324,1.7259016564413148,2.7739844706656687,3.2776372673688456,3.9554496494931985,5,2.7153498556020073,0.28574204444885254,2.080067667078704,45.669982132606435,90.15966221177435,20.679908325196497,30.541419328704272,-2.113732635626145
10,2324,1.7259016564413148,2.7739844706656687,3.2776372673688456,3.9554496494931985,6,2.8131698488740193,1.4309720993041992,2.1188663534343912,40.60472214560314,86.67763745844367,20.679908325196497,32.76768703765849,1.4126026523482091
10,2324,1.7259016564413148,2.7739844706656687,3.2776372673688456,3.9554496494931985,7,2.9187110852446265,0.9008347988128662,2.1939323498681045,35.520424391771535,80.29041094776662,20.679908325196497,33.03560091176442,5.217282796980765
10,2324,1.7259016564413148,2.7739844706656687,3.2776372673688456,3.9554496494931985,8,2.958828108992753,2.0716447830200195,2.2773411818114297,33.68298203844346,73.68717876286668,20.679908325196497,29.924674116649435,6.663470552260437
10,2324,1.7259016564413148,2.7739844706656687,3.2776372673688456,3.9554496494931985,9,3.089444232838277,7.697221517562866,2.3215688306142876,28.0311069366454,70.37830614079125,20.679908325196497,33.075711221571204,11.372081044740238
10,2424,2.2478835343841137,3.6163936577789735,4.241771900370418,5.076006695362156,2,2.641958803437693,0.24644970893859863,2.2880893543938496,92.13042568102506,121.84477566903713,19.667130024575037,15.465718083269039,-26.944933172450437
10,2424,2.2478835343841137,3.6163936577789735,4.241771900370418,5.076006695362156,3,2.9889745843638234,0.1129922866821289,2.33127375590494,69.82435119777168,117.7353338493609,19.667130024575037,28.212080490031553,-17.34930244846416
10,2424,2.2478835343841137,3.6163936577789735,4.241771900370418,5.076006695362156,4,3.23187378593584,0.43300414085388184,2.431991068615271,57.060796045050935,108.71814707166408,19.667130024575037,32.89003515033496,-10.632688480028143
10,2424,2.2478835343841137,3.6163936577789735,4.241771900370418,5.076006695362156,5,3.451090563680121,0.692612886428833,2.543715569750619,47.084134759688304,99.55087572388442,19.667130024575037,35.67124425072649,-4.570937506852454
10,2424,2.2478835343841137,3.6163936577789735,4.241771900370418,5.076006695362156,6,3.55953754755198,1.6092329025268555,2.7260247652394587,42.602982200682376,86.2054505185785,19.667130024575037,30.57612656131919,-1.5721770251613598
10,2424,2.2478835343841137,3.6163936577789735,4.241771900370418,5.076006695362156,7,3.7824279680245843,6.124362230300903,2.730457963679085,34.199692321256755,85.90312551534842,19.667130024575037,38.52723676170607,4.591156991121967
10,2424,2.2478835343841137,3.6163936577789735,4.241771900370418,5.076006695362156,8,3.8719110037683544,3.4859275817871094,2.7332984471529818,31.098227475319295,85.70993228527061,19.667130024575037,41.657088628625885,7.065529092491225
10,2424,2.2478835343841137,3.6163936577789735,4.241771900370418,5.076006695362156,9,3.9535614867707833,22.913289785385132,2.7815383360801804,28.39073610837329,82.48918699123172,19.667130024575037,42.13578995075976,9.323316566119718
10,2524,1.5676747402329103,2.4554168386347808,2.9159883479587734,3.2622564801118155,2,1.8898072659764922,0.11424565315246582,1.8278998558129937,72.62376639377338,78.47019735448603,11.874811927675703,3.3868053529641493,-23.035175280982813
10,2524,1.5676747402329103,2.4554168386347808,2.9159883479587734,3.2622564801118155,3,2.0895516678287906,0.1407608985900879,1.9870516672250695,56.12231706629957,64.1757249658021,11.874811927675703,5.158396346425306,-14.900328329157029
10,2524,1.5676747402329103,2.4554168386347808,2.9159883479587734,3.2622564801118155,4,2.2994510570473166,0.28571414947509766,2.09523675505731,41.87109876132001,55.698704322442296,11.874811927675703,9.746597920120054,-6.351906492348634
10,2524,1.5676747402329103,2.4554168386347808,2.9159883479587734,3.2622564801118155,5,2.4521944409966245,0.7939541339874268,2.1641330966552483,33.03416831766262,50.74195229275683,11.874811927675703,13.310703707945976,-0.13123627676789498
10,2524,1.5676747402329103,2.4554168386347808,2.9159883479587734,3.2622564801118155,6,2.506954095150232,0.8410911560058594,2.230469614141038,30.128289401977305,46.258727732909406,11.874811927675703,12.395796797961285,2.098920871785914
10,2524,1.5676747402329103,2.4554168386347808,2.9159883479587734,3.2622564801118155,7,2.5824214583834215,2.9194858074188232,2.242157631923593,26.325486861233184,45.49630381308465,11.874811927675703,15.175731697682156,5.17242603171426
10,2524,1.5676747402329103,2.4554168386347808,2.9159883479587734,3.2622564801118155,8,2.6377439432640424,3.7569527626037598,2.2545485730582153,23.67601064699927,44.69665985890382,11.874811927675703,16.996545329960938,7.425505183496095
10,2524,1.5676747402329103,2.4554168386347808,2.9159883479587734,3.2622564801118155,9,2.6807496785323313,6.502198219299316,2.3391963499321493,21.691947078693676,39.46056645507507,11.874811927675703,14.601310771115433,9.176968910208998
10,2624,1.657267161811712,2.6468948766123503,3.172412751609338,3.6230931960483983,2,2.010039379553774,0.14112424850463867,1.6572671618117125,80.24986141578579,118.61853535356718,14.206236064661953,21.286381934727622,-24.060475642072376
10,2624,1.657267161811712,2.6468948766123503,3.172412751609338,3.6230931960483983,3,2.3523992874261004,0.08990764617919922,1.6765901829072012,54.016931369361174,116.09891510672978,14.206236064661953,40.30854477192803,-11.126078024041608
10,2624,1.657267161811712,2.6468948766123503,3.172412751609338,3.6230931960483983,4,2.5363303146827456,0.19691228866577148,1.9078526491635224,42.8478449780146,89.90424641215897,14.206236064661953,32.94162501463478,-4.177142164070817
10,2624,1.657267161811712,2.6468948766123503,3.172412751609338,3.6230931960483983,5,2.626563036246049,0.4732809066772461,2.116595386500246,37.9404623475786,71.17552174386626,14.206236064661953,24.09377120437864,-0.7681393222659225
10,2624,1.657267161811712,2.6468948766123503,3.172412751609338,3.6230931960483983,6,2.684075459018641,1.0847744941711426,2.1515260150210347,34.98477413794781,68.39643912058281,14.206236064661953,24.752173121755146,1.4046867797740568
10,2624,1.657267161811712,2.6468948766123503,3.172412751609338,3.6230931960483983,7,2.784688675856958,3.0344130992889404,2.2214166714861756,30.10765718481727,63.098316608224195,14.206236064661953,25.356431848237698,5.205865954939781
10,2624,1.657267161811712,2.6468948766123503,3.172412751609338,3.6230931960483983,8,2.7977082017457375,3.950895309448242,2.2214166714861756,29.50218302922478,63.098316608224195,14.206236064661953,25.94252296999331,5.697745175524569
10,2624,1.657267161811712,2.6468948766123503,3.172412751609338,3.6230931960483983,9,2.849639338972211,20.120466709136963,2.298079399998101,27.142166606780194,57.657441951370025,14.206236064661953,24.000908714231805,7.659709652668367
10,2724,1.3617788099231927,2.1842970794550425,2.568694631399188,2.885627856101563,2,1.6396256743637858,0.03741002082824707,1.4776864784876316,75.99308800902108,95.28011510634636,12.338299026604775,10.9589685115001,-24.935775001225842
10,2724,1.3617788099231927,2.1842970794550425,2.568694631399188,2.885627856101563,3,1.6987160509307992,0.10190391540527344,1.5321468247533017,69.87111262770513,88.3388595323553,12.338299026604775,10.871622972838631,-22.23053965925689
10,2724,1.3617788099231927,2.1842970794550425,2.568694631399188,2.885627856101563,4,1.9356891795619076,0.3299098014831543,1.6574777662967923,49.07495927391861,74.09753028233712,12.338299026604775,16.78522746562731,-11.381597413258447
10,2724,1.3617788099231927,2.1842970794550425,2.568694631399188,2.885627856101563,5,2.0701147807615143,0.7145082950592041,1.6854304765538548,39.394582509094164,71.21013867043112,12.338299026604775,22.824098030683004,-5.227416168226318
10,2724,1.3617788099231927,2.1842970794550425,2.568694631399188,2.885627856101563,6,2.143877590782195,1.5922727584838867,1.7603960148268336,34.59853624612681,63.91924497655806,12.338299026604775,21.78382436255876,-1.8504574791141375
10,2724,1.3617788099231927,2.1842970794550425,2.568694631399188,2.885627856101563,7,2.3194575774303825,1.6897094249725342,1.7780207542742,24.409598355250527,62.29438543755895,12.338299026604775,30.45165934394285,6.1878257882879675
10,2724,1.3617788099231927,2.1842970794550425,2.568694631399188,2.885627856101563,8,2.348998060165366,7.856081485748291,1.8419834075255384,22.845050621217585,56.6587323377697,12.338299026604775,27.525473387457644,7.540228033057413
10,2724,1.3617788099231927,2.1842970794550425,2.568694631399188,2.885627856101563,9,2.3949438908489604,10.301251649856567,1.936097900354664,20.48832822879473,49.043488739539434,12.338299026604775,23.699524203308258,9.643688735163806
10,2824,1.3320262118426522,2.1336093585016362,2.4941713806852643,2.8856749378819164,2,1.5812002613376257,0.08603191375732422,1.4856392621799426,82.49901726178331,94.23792917586475,15.696738412942896,6.432315138027676,-25.890826498434055
10,2824,1.3320262118426522,2.1336093585016362,2.4941713806852643,2.8856749378819164,3,1.8074368372360157,0.11672663688659668,1.635396058842611,59.65564485754166,76.45113685330405,15.696738412942896,10.51982346803256,-15.287358951906773
10,2824,1.3320262118426522,2.1336093585016362,2.4941713806852643,2.8856749378819164,4,1.939341406550818,0.13720488548278809,1.718037342845978,48.79664447603289,67.96345841364037,15.696738412942896,12.881213823806851,-9.105132163801818
10,2824,1.3320262118426522,2.1336093585016362,2.4941713806852643,2.8856749378819164,5,2.032879771658836,0.5948681831359863,1.8776337845022795,41.95010340071402,53.68678182614013,15.696738412942896,8.268171804210944,-4.721088536729119
10,2824,1.3320262118426522,2.1336093585016362,2.4941713806852643,2.8856749378819164,6,2.1087268755017794,0.3577156066894531,1.8851233673974868,36.8444141062725,53.07618524010683,15.696738412942896,11.861478774887248,-1.1662154977296781
10,2824,1.3320262118426522,2.1336093585016362,2.4941713806852643,2.8856749378819164,7,2.193606748180339,0.8245582580566406,2.0625256938911862,31.549328076952182,39.90976919360295,15.696738412942896,6.3553658835567575,2.8120138037282003
10,2824,1.3320262118426522,2.1336093585016362,2.4941713806852643,2.8856749378819164,8,2.272485751656649,1.890512228012085,2.0984510452351492,26.98319167802265,37.51452264918346,15.696738412942896,8.293484225742215,6.5089887519307235
10,2824,1.3320262118426522,2.1336093585016362,2.4941713806852643,2.8856749378819164,9,2.294190017080123,7.4106268882751465,2.143954118347101,25.781862722713438,34.59592783201215,15.696738412942896,7.007421355119657,7.5262445741828445
10,2924,2.1663987023898263,3.4865611291024834,4.1163389790203455,5.171743357183372,2,2.5919194476436758,0.14701628684997559,2.2215315341882467,99.53333665075989,132.8008078027639,25.639394217582247,16.672638121734778,-25.659715930152295
10,2924,2.1663987023898263,3.4865611291024834,4.1163389790203455,5.171743357183372,3,2.8814792216841747,0.2294635772705078,2.606899164151413,79.48223670204283,98.38678182502146,25.639394217582247,10.532822339606742,-17.35469091213295
10,2924,2.1663987023898263,3.4865611291024834,4.1163389790203455,5.171743357183372,4,3.2511917365751284,0.4108588695526123,2.658489040800385,59.07223492858012,94.53694477620743,25.639394217582247,22.294720297071436,-6.750760529127571
10,2924,2.1663987023898263,3.4865611291024834,4.1163389790203455,5.171743357183372,5,3.356371278246776,0.4181191921234131,2.7238628035660404,54.08734399267259,89.86798271970979,25.639394217582247,23.22101075915663,-3.7340475624823197
10,2924,2.1663987023898263,3.4865611291024834,4.1163389790203455,5.171743357183372,6,3.4426040094577828,1.8808369636535645,2.982058528780718,50.22765740628798,73.42863351840234,25.639394217582247,15.443877986706351,-1.2607586104769122
10,2924,2.1663987023898263,3.4865611291024834,4.1163389790203455,5.171743357183372,7,3.5622385202919364,2.6606101989746094,3.075771384260613,45.18239943010699,68.14459564999858,25.639394217582247,15.816101889778961,2.170545370846088
10,2924,2.1663987023898263,3.4865611291024834,4.1163389790203455,5.171743357183372,8,3.5787039853788656,3.0745975971221924,3.119622374741113,44.51442137469373,65.78107014034215,25.639394217582247,14.715935311749082,2.6428005379645176
10,2924,2.1663987023898263,3.4865611291024834,4.1163389790203455,5.171743357183372,9,3.5787039853788656,5.109820127487183,3.18115735663798,44.51442137469373,62.57427022249386,25.639394217582247,12.496918076414637,2.6428005379645176
10,3024,1.5340035020110636,2.437783085857518,2.8873440035879936,3.5619088411007267,2,2.0199132890455163,0.04619956016540527,1.83188371405197,76.33969044205162,94.43968052000906,23.36281498409877,10.26427461258668,-17.141385516874703
10,3024,1.5340035020110636,2.437783085857518,2.8873440035879936,3.5619088411007267,3,2.2116191268984156,0.09021854400634766,1.864021306026492,61.05435143780672,91.08734592168356,23.36281498409877,18.647738614795816,-9.27744393138025
10,3024,1.5340035020110636,2.437783085857518,2.8873440035879936,3.5619088411007267,4,2.248514155349666,0.45325326919555664,1.9592734519370212,58.41167077495293,81.79743300146653,23.36281498409877,14.762651080005668,-7.763977509150465
10,3024,1.5340035020110636,2.437783085857518,2.8873440035879936,3.5619088411007267,5,2.4018747687210498,0.9008889198303223,1.9995429818132273,48.29702561875746,78.13614778466594,23.36281498409877,20.12118721964054,-1.4729906587992052
10,3024,1.5340035020110636,2.437783085857518,2.8873440035879936,3.5619088411007267,6,2.52499412541032,0.6773521900177002,2.020083241576374,41.06602487726203,76.32485472832235,23.36281498409877,24.994558315326554,3.5774733223290194
10,3024,1.5340035020110636,2.437783085857518,2.8873440035879936,3.5619088411007267,7,2.563844553938919,1.6762089729309082,2.0586652672982346,38.928424331672076,73.02030095331278,23.36281498409877,24.539165966678752,5.1711519705231535
10,3024,1.5340035020110636,2.437783085857518,2.8873440035879936,3.5619088411007267,8,2.6936889124455075,9.547248363494873,2.0900350779749424,32.231633157185634,70.42340000110902,23.36281498409877,28.88247383175271,10.497481423699831
10,3024,1.5340035020110636,2.437783085857518,2.8873440035879936,3.5619088411007267,9,2.707580980269919,25.78326392173767,2.143348233403776,31.553178540412098,66.18432719372832,23.36281498409877,26.324828512355413,11.06734622853028
10,3124,2.011618254435935,3.2243484734991803,3.744496003942097,4.530783164483124,2,2.519168028940091,0.07927894592285156,2.274081509259439,79.85236047908226,99.23574181642178,20.998477758108063,10.777385009408265,-21.87047865188721
10,3124,2.011618254435935,3.2243484734991803,3.744496003942097,4.530783164483124,3,2.7360654804879907,0.10881829261779785,2.556328713305316,65.59483670233784,77.23789358156728,20.998477758108063,7.0310506722852715,-15.143617292745256
10,3124,2.011618254435935,3.2243484734991803,3.744496003942097,4.530783164483124,4,2.948344972805275,0.34810304641723633,2.565015839281796,53.67208404287233,76.6376290975163,20.998477758108063,14.944513310717461,-8.559977402019955
10,3124,2.011618254435935,3.2243484734991803,3.744496003942097,4.530783164483124,5,3.134444130803314,0.4150528907775879,2.6541450850856867,44.54821893162751,70.70593427400564,20.998477758108063,18.096186542949347,-2.78829485816397
10,3124,2.011618254435935,3.2243484734991803,3.744496003942097,4.530783164483124,6,3.2373830044014666,0.8317201137542725,2.6541450850856854,39.95202786705131,70.70593427400573,20.998477758108063,21.974605781467755,0.4042531695757065
10,3124,2.011618254435935,3.2243484734991803,3.744496003942097,4.530783164483124,7,3.3717348388946657,0.9442520141601562,2.7086560984723222,34.37542929587017,67.27052086968435,20.998477758108063,24.479989940262953,4.57104331640483
10,3124,2.011618254435935,3.2243484734991803,3.744496003942097,4.530783164483124,8,3.510815075852301,3.1415507793426514,2.8792406873289376,29.052173543581205,57.36034797029479,20.998477758108063,21.935449554558527,8.88448022003765
10,3124,2.011618254435935,3.2243484734991803,3.744496003942097,4.530783164483124,9,3.5346494787345426,7.572677850723267,2.943546059354669,28.181965191785064,53.9226182679959,20.998477758108063,20.08133752489895,9.623680808253717
10,3224,1.6433857263062464,2.5918317296428905,2.959890372119844,3.923542588218666,2,2.1686129932195124,0.06098604202270508,1.7981893210169526,80.92405608959271,118.19407680609157,32.55702390790454,20.599814929001436,-16.32894341029193
10,3224,1.6433857263062464,2.5918317296428905,2.959890372119844,3.923542588218666,3,2.30698541624731,0.1640787124633789,1.7981893210169517,70.07227529859948,118.19407680609169,32.55702390790454,28.294912514696325,-10.990154574380005
10,3224,1.6433857263062464,2.5918317296428905,2.959890372119844,3.923542588218666,4,2.329972626592224,0.3114285469055176,1.9549374938173765,68.39436409848165,100.6991323572819,32.55702390790454,19.18399611040874,-10.1032447460139
10,3224,1.6433857263062464,2.5918317296428905,2.959890372119844,3.923542588218666,5,2.4457509340228074,0.2508389949798584,2.0046550135300434,60.42281876041912,95.72158609523586,32.55702390790454,22.003582537427626,-5.636199061434074
10,3224,1.6433857263062464,2.5918317296428905,2.959890372119844,3.923542588218666,6,2.606607525474517,0.209336519241333,2.058622866832949,50.52295176292061,90.59064442700807,32.55702390790454,26.61899211702651,0.570090861325416
10,3224,1.6433857263062464,2.5918317296428905,2.959890372119844,3.923542588218666,7,2.7175510472697777,0.4557645320892334,2.058622866832949,44.377879935705465,90.59064442700807,32.55702390790454,32.008202719060655,4.8505972123510155
10,3224,1.6433857263062464,2.5918317296428905,2.959890372119844,3.923542588218666,8,2.782169100444596,0.8316786289215088,2.0746430723649087,41.02459076235433,89.1189207667503,32.55702390790454,34.10350616470959,7.343739511512598
10,3224,1.6433857263062464,2.5918317296428905,2.959890372119844,3.923542588218666,9,2.782169100444596,2.5610997676849365,2.0936016624458236,41.02459076235433,87.40635616591157,32.55702390790454,32.88913313119756,7.343739511512598
10,3324,1.5896252942113047,2.550358131460628,2.9878205834113234,3.79566878197255,2,2.035597870063192,0.029021501541137695,1.88539235991069,86.46456836068116,101.31983467634018,27.038042479741918,7.966803798845184,-20.183842223861525
10,3324,1.5896252942113047,2.550358131460628,2.9878205834113234,3.79566878197255,3,2.2060058852979654,0.03820395469665527,1.8908122035926498,72.06068248815522,100.74276941732052,27.038042479741918,16.669750761415113,-13.502113366543028
10,3324,1.5896252942113047,2.550358131460628,2.9878205834113234,3.79566878197255,4,2.257998870259149,0.10401201248168945,1.957262186675267,68.09879012636192,93.92745682274278,27.038042479741918,15.365171085981727,-11.463459095999214
10,3324,1.5896252942113047,2.550358131460628,2.9878205834113234,3.79566878197255,5,2.439737599425187,0.21824884414672852,2.0326126730696092,55.576926914879145,86.73841958489858,27.038042479741918,20.02963632715849,-4.337450912122956
10,3324,1.5896252942113047,2.550358131460628,2.9878205834113234,3.79566878197255,6,2.5208133360891307,0.45255541801452637,2.0454030809615875,50.57317920498112,85.57069837736458,27.038042479741918,23.242863939759136,-1.1584567283723555
10,3324,1.5896252942113047,2.550358131460628,2.9878205834113234,3.79566878197255,7,2.6746335018874983,2.1710424423217773,2.090591224066295,41.913603463574844,81.55958650729438,27.038042479741918,27.93670379449954,4.872859575831261
10,3324,1.5896252942113047,2.550358131460628,2.9878205834113234,3.79566878197255,8,2.7578621546333326,4.218475341796875,2.1005817980558725,37.630837552763666,80.69607122586284,27.038042479741918,31.290395698267275,8.136269985496671
10,3324,1.5896252942113047,2.550358131460628,2.9878205834113234,3.79566878197255,9,2.8668234051431303,9.18642807006836,2.127046130536992,32.399811413673234,78.44788260489204,27.038042479741918,34.77955950204874,12.408660171238699
10,3424,2.273588716001149,3.5934298272734644,4.240156563338924,4.931787679686767,2,2.722616095582399,0.10112524032592773,2.5762127054415593,81.14150164942006,91.4355778647348,16.311452325317358,5.682892170805676,-24.233497620622817
10,3424,2.273588716001149,3.5934298272734644,4.240156563338924,4.931787679686767,3,3.0530778811709354,0.1035451889038086,2.603743226698432,61.53494511562533,89.41144538051529,16.311452325317358,17.2572567780527,-15.037219928474968
10,3424,2.273588716001149,3.5934298272734644,4.240156563338924,4.931787679686767,4,3.265249410758556,0.6057851314544678,2.624570897516665,51.03862092240773,87.90834282103643,16.311452325317358,24.410790878161944,-9.132790461749945
10,3424,2.273588716001149,3.5934298272734644,4.240156563338924,4.931787679686767,5,3.4935830215054398,0.79681396484375,2.7929347224455703,41.16703823347477,76.58084308423645,16.311452325317358,25.086454525022432,-2.778593448804981
10,3424,2.273588716001149,3.5934298272734644,4.240156563338924,4.931787679686767,6,3.63105195983166,1.3425910472869873,2.848092901197482,35.822558703219734,73.16105375682075,16.311452325317358,27.49064324077992,1.0469700082258684
10,3424,2.273588716001149,3.5934298272734644,4.240156563338924,4.931787679686767,7,3.8016783475072016,0.9288315773010254,2.8480929011974814,29.72658991312586,73.16105375682078,16.311452325317358,33.48154289169377,5.795257741035309
10,3424,2.273588716001149,3.5934298272734644,4.240156563338924,4.931787679686767,8,3.9096951925056893,6.209557294845581,2.94875496498592,26.142510780387152,67.24983046227159,16.311452325317358,32.587998627561696,8.801211667800763
10,3424,2.273588716001149,3.5934298272734644,4.240156563338924,4.931787679686767,9,4.001305933883237,13.397421836853027,2.9487892027186455,23.254451451066753,67.24788856185074,16.311452325317358,35.69318316121818,11.350607253105895
10,3524,1.7236249038415155,2.766635343631096,3.2148462965080067,4.027541512775175,2,2.1047571888876604,0.019083261489868164,1.7292367716728576,91.35421102439295,132.9086206557443,25.27944235312041,21.715962982415974,-23.923577650632755
10,3524,1.7236249038415155,2.766635343631096,3.2148462965080067,4.027541512775175,3,2.261189044642022,0.0361628532409668,1.946860120924559,78.11608995358418,106.87369726709,25.27944235312041,16.14542926526169,-18.269350174847993
10,3524,1.7236249038415155,2.766635343631096,3.2148462965080067,4.027541512775175,4,2.4856259748925997,0.14200711250305176,1.9568637670619626,62.03328873521282,105.81614216415942,25.27944235312041,27.020900316659308,-10.157080129312703
10,3524,1.7236249038415155,2.766635343631096,3.2148462965080067,4.027541512775175,5,2.7287479120528637,0.36684226989746094,2.1123813066645294,47.59668692683363,90.66356533587687,25.27944235312041,29.17875685813482,-1.3694407419991446
10,3524,1.7236249038415155,2.766635343631096,3.2148462965080067,4.027541512775175,6,2.7747646128161043,1.0811784267425537,2.1336394878677325,45.148943235499495,88.76391891303653,25.27944235312041,30.048427983917968,0.2938323333330587
10,3524,1.7236249038415155,2.766635343631096,3.2148462965080067,4.027541512775175,7,2.900301998302415,1.3053011894226074,2.149454454177801,38.866280653964566,87.37505718937274,25.27944235312041,34.93200531256777,4.831379566484074
10,3524,1.7236249038415155,2.766635343631096,3.2148462965080067,4.027541512775175,8,2.977707168937189,0.8892238140106201,2.2931221357892038,35.25646694845066,75.63571734433809,25.27944235312041,29.853840860176312,7.629188493958501
10,3524,1.7236249038415155,2.766635343631096,3.2148462965080067,4.027541512775175,9,3.070767793049839,3.1992881298065186,2.3415251729368256,31.157475400478994,72.00504864629264,25.27944235312041,31.14391545055956,10.992863592192158
10,3624,1.4212394653239668,2.1639640446468076,2.560089928831144,2.801295909333255,2,1.6972465911045607,0.06739449501037598,1.6077458984053477,65.04943500933379,74.23747820546374,9.42177764092209,5.566843167691164,-21.567708331236272
10,3624,1.4212394653239668,2.1639640446468076,2.560089928831144,2.801295909333255,3,1.868319717234865,0.11790204048156738,1.7226199130059028,49.93664539810166,62.61834013314671,9.42177764092209,8.458035526520867,-13.662164495907621
10,3624,1.4212394653239668,2.1639640446468076,2.560089928831144,2.801295909333255,4,1.9927738600112226,0.36295032501220703,1.8512355750867533,40.57269445101408,51.32033691616906,9.42177764092209,7.645611764879598,-7.910953283122867
10,3624,1.4212394653239668,2.1639640446468076,2.560089928831144,2.801295909333255,5,2.10659914499312,0.4994964599609375,1.900211974104234,32.97716919667714,47.42017982776868,9.42177764092209,10.861270937216222,-2.6509174122183987
10,3624,1.4212394653239668,2.1639640446468076,2.560089928831144,2.801295909333255,6,2.2582971685645488,0.7807469367980957,1.9251772278601083,24.044609731935985,45.508468975969485,9.42177764092209,17.303338928162642,4.359274090117232
10,3624,1.4212394653239668,2.1639640446468076,2.560089928831144,2.801295909333255,7,2.3724854351864764,0.7770051956176758,1.9963233124633561,18.07431429449742,40.32275693242322,9.42177764092209,18.84274558007121,9.636083882978873
10,3624,1.4212394653239668,2.1639640446468076,2.560089928831144,2.801295909333255,8,2.443548568668573,1.2771806716918945,2.104558616429072,14.640484140636886,33.10610060775488,9.42177764092209,16.10741319311338,12.920017072991518
10,3624,1.4212394653239668,2.1639640446468076,2.560089928831144,2.801295909333255,9,2.473020252157595,2.997051239013672,2.1552991624221502,13.274280988570759,29.97248633387516,9.42177764092209,14.741391602379036,14.281947441563428
10,3724,1.628420351200546,2.621391906675142,3.0538058566162363,3.6014017249071113,2,1.9994696840776416,0.09370756149291992,1.8601094435307939,80.11784592615334,93.61235638216309,17.93158746828908,7.492045214410557,-23.724885279985443
10,3724,1.628420351200546,2.621391906675142,3.0538058566162363,3.6014017249071113,3,2.2219215796332827,0.1545395851135254,1.8808223933490016,62.08500596593986,91.48015983021331,17.93158746828908,18.135640424661165,-15.238863217081109
10,3724,1.628420351200546,2.621391906675142,3.0538058566162363,3.6014017249071113,4,2.4011417465883875,0.2714989185333252,1.969896858834896,49.98705220231535,82.82184210584386,17.93158746828908,21.8917496019844,-8.402030979263614
10,3724,1.628420351200546,2.621391906675142,3.0538058566162363,3.6014017249071113,5,2.490847252389951,0.2780454158782959,1.9915999067941181,44.58541050446151,80.8295789039423,17.93158746828908,25.06765258889133,-4.979974720787476
10,3724,1.628420351200546,2.621391906675142,3.0538058566162363,3.6014017249071113,6,2.570881278079634,1.0293469429016113,2.073296317323098,40.08432655424848,73.70414903148051,17.93158746828908,23.999703110406546,-1.9268629183941288
10,3724,1.628420351200546,2.621391906675142,3.0538058566162363,3.6014017249071113,7,2.642377974040453,1.3085227012634277,2.215578436253993,36.293965522283614,62.54905111805519,17.93158746828908,19.263571571317257,0.8005696253151494
10,3724,1.628420351200546,2.621391906675142,3.0538058566162363,3.6014017249071113,8,2.756241998618022,1.6090569496154785,2.2484424643774545,30.663480445942394,60.1731768530827,17.93158746828908,22.58450204022305,5.144217146604302
10,3724,1.628420351200546,2.621391906675142,3.0538058566162363,3.6014017249071113,9,2.7640096687759907,5.550302505493164,2.3130712826239233,30.296278106072972,55.69782703893672,17.93158746828908,19.49522219827691,5.4405356840266865
10,3824,2.149401946196302,3.491698689709306,4.045835021184757,4.873053731149229,2,2.5735342866860975,0.08740949630737305,2.251021605467502,89.35258629968318,116.48187291108525,20.446179976024673,14.32739163565756,-26.2956367263078
10,3824,2.149401946196302,3.491698689709306,4.045835021184757,4.873053731149229,3,2.9136747816875976,0.2171032428741455,2.251021605467502,67.2476887872421,116.48187291108525,20.446179976024673,29.4378860962764,-16.554232177170782
10,3824,2.149401946196302,3.491698689709306,4.045835021184757,4.873053731149229,4,3.0717287817955388,0.3144659996032715,2.412138091325505,58.64205720339506,102.02217064908645,20.446179976024673,27.3446488342456,-12.027667483208038
10,3824,2.149401946196302,3.491698689709306,4.045835021184757,4.873053731149229,5,3.1776791237512185,0.45690488815307617,2.438912834544313,53.352605514072096,99.80434159549255,20.446179976024673,30.29080329330166,-8.993317976822066
10,3824,2.149401946196302,3.491698689709306,4.045835021184757,4.873053731149229,6,3.3383042772715856,0.5853996276855469,2.448618288915771,45.97392347746091,99.01238805608116,20.446179976024673,36.334204983405584,-4.3931171062899175
10,3824,2.149401946196302,3.491698689709306,4.045835021184757,4.873053731149229,7,3.5208221834813918,1.7779278755187988,2.673082565431686,38.406698128979336,82.30090585930935,20.446179976024673,31.71393315764645,0.8340780909280086
10,3824,2.149401946196302,3.491698689709306,4.045835021184757,4.873053731149229,8,3.5630241214908933,3.695706367492676,2.6957312328220993,36.76735169309416,80.76927224112548,20.446179976024673,32.17282487619676,2.042714395483113
10,3824,2.149401946196302,3.491698689709306,4.045835021184757,4.873053731149229,9,3.7265179139721787,3.68697190284729,2.7018753319066566,30.766947688034374,80.35820060248365,20.446179976024673,37.923384915855955,6.725071236957792
10,3924,1.639125161899397,2.6460868640723607,3.1264405065050074,3.544023778094726,2,2.1254422609033594,0.05929303169250488,1.8001057446061624,66.74288656462673,96.87864386378637,13.35650784721081,18.073189159694397,-19.676020853212762
10,3924,1.639125161899397,2.6460868640723607,3.1264405065050074,3.544023778094726,3,2.36826995824714,0.24526453018188477,1.8101163395239903,49.64610625377407,95.78983409578551,13.35650784721081,30.83523453911965,-10.499160462089177
10,3924,1.639125161899397,2.6460868640723607,3.1264405065050074,3.544023778094726,4,2.522250581975424,0.4419217109680176,1.8894224683467242,40.51037606735531,87.57180236116305,13.35650784721081,33.49320357042407,-4.6799779621123685
10,3924,1.639125161899397,2.6460868640723607,3.1264405065050074,3.544023778094726,5,2.590894901506962,0.5837535858154297,1.9377850060983624,36.78763179600178,82.89045311742034,13.35650784721081,33.70393998060731,-2.085795569101522
10,3924,1.639125161899397,2.6460868640723607,3.1264405065050074,3.544023778094726,6,2.677578567877184,0.6493446826934814,2.0988970637720277,32.3592823983675,68.85171927991517,13.35650784721081,27.570742467245168,1.190123583333811
10,3924,1.639125161899397,2.6460868640723607,3.1264405065050074,3.544023778094726,7,2.79334500083639,1.875828504562378,2.123403020643156,26.873829657044368,66.90302046482347,13.35650784721081,31.550392162026597,5.565128596625026
10,3924,1.639125161899397,2.6460868640723607,3.1264405065050074,3.544023778094726,8,2.8702247320590515,2.196612596511841,2.1463663668700934,23.475480456622726,65.11737384623417,13.35650784721081,33.7248279865899,8.470540821238945
10,3924,1.639125161899397,2.6460868640723607,3.1264405065050074,3.544023778094726,9,2.9319748741682385,24.942744493484497,2.3184410831417783,20.87497097328017,52.86236100044128,13.35650784721081,26.46320389539703,10.804180844459982
10,4024,1.0998050561849653,1.7445413987152278,2.0214133961574263,2.586001857766399,2,1.2105812555631195,0.09830784797668457,1.2155183456331913,113.6165454307718,112.74889573297978,27.93038092466479,-0.406171580034851,-30.607479051247783
10,4024,1.0998050561849653,1.7445413987152278,2.0214133961574263,2.586001857766399,3,1.4164065966377084,0.153794527053833,1.247295162825653,82.57482448225649,107.32878109685015,27.93038092466479,13.558252998347738,-18.809229882373398
10,4024,1.0998050561849653,1.7445413987152278,2.0214133961574263,2.586001857766399,4,1.5513266647060877,0.13413500785827637,1.247295162825653,66.69615217735843,107.32878109685015,27.93038092466479,24.375265048865764,-11.075388302704289
10,4024,1.0998050561849653,1.7445413987152278,2.0214133961574263,2.586001857766399,5,1.6479290067210732,0.3619201183319092,1.3048217123532462,56.924348513764755,98.18813814053907,27.93038092466479,26.29533913480279,-5.53798219207094
10,4024,1.0998050561849653,1.7445413987152278,2.0214133961574263,2.586001857766399,6,1.7193000944198447,0.2998640537261963,1.3497112380489398,50.41015039547306,91.59667526400426,27.93038092466479,27.38280944486763,-1.446873333815535
10,4024,1.0998050561849653,1.7445413987152278,2.0214133961574263,2.586001857766399,7,1.7738016752882613,0.5664684772491455,1.4070648022819503,45.78866926293474,83.7869765182436,27.93038092466479,26.063964673947087,1.6772474757309994
10,4024,1.0998050561849653,1.7445413987152278,2.0214133961574263,2.586001857766399,8,1.7887982481079314,2.1463778018951416,1.4194957725095658,44.5664350634117,82.17749625238649,27.93038092466479,26.016454768686316,2.5368758474460193
10,4024,1.0998050561849653,1.7445413987152278,2.0214133961574263,2.586001857766399,9,1.8463012896179447,7.182915687561035,1.4757045460577098,40.06391439511589,75.23845573795968,27.93038092466479,25.11320742016214,5.833045348058706
10,4124,1.5271450814542067,2.3962053445673828,2.8476036358834023,3.6009336007853747,2,1.9189281732434802,0.04799842834472656,1.6011892708433688,87.65338124661928,124.89118971479947,26.454874386626827,19.84393151927341,-19.91804134841672
10,4124,1.5271450814542067,2.3962053445673828,2.8476036358834023,3.6009336007853747,3,2.0783013626226206,0.11942768096923828,1.676140642824486,73.2633036549298,114.83481211441753,26.454874386626827,23.99325626520507,-13.26697574836423
10,4124,1.5271450814542067,2.3962053445673828,2.8476036358834023,3.6009336007853747,4,2.305337579658672,0.12089252471923828,1.852815582159629,56.199839561828014,94.34927228905056,26.454874386626827,24.423477536365834,-3.792152668164437
10,4124,1.5271450814542067,2.3962053445673828,2.8476036358834023,3.6009336007853747,5,2.382680121503359,0.21684527397155762,2.0654328783297786,51.12954392356096,74.34280428891427,26.454874386626827,15.359842796253142,-0.5644434060998885
10,4124,1.5271450814542067,2.3962053445673828,2.8476036358834023,3.6009336007853747,6,2.5475775692037854,0.7812211513519287,2.1036770198525865,41.347358538362506,71.17331067473977,26.454874386626827,21.101174047254883,6.317164135352173
10,4124,1.5271450814542067,2.3962053445673828,2.8476036358834023,3.6009336007853747,7,2.5979503753735784,1.6111490726470947,2.1210392762003774,38.60671223435397,69.77213204821342,26.454874386626827,22.484783970032748,8.419354846344325
10,4124,1.5271450814542067,2.3962053445673828,2.8476036358834023,3.6009336007853747,8,2.6333990041217263,6.791912078857422,2.190531523367469,36.74090387173721,64.38629448480692,26.454874386626827,20.21735254799914,9.898720078064391
10,4124,1.5271450814542067,2.3962053445673828,2.8476036358834023,3.6009336007853747,9,2.698907998146748,10.671893119812012,2.192242227706721,33.42187296706735,64.25801653096836,26.454874386626827,23.111760371938665,12.632584025640591
10,4224,1.7329711081583128,2.7756585620164804,3.2549232689770093,3.5959798446792317,2,2.2486399091603335,0.07651662826538086,1.9144173435401437,59.91799442988671,87.83677743064843,10.478175597958508,17.458187304245005,-18.98715714058413
10,4224,1.7329711081583128,2.7756585620164804,3.2549232689770093,3.5959798446792317,3,2.3729427472155553,0.2140946388244629,1.9296986411727062,51.540944209412785,86.34929661835187,10.478175597958508,22.969602433542846,-14.508838382065164
10,4224,1.7329711081583128,2.7756585620164804,3.2549232689770093,3.5959798446792317,4,2.605904544822961,0.2014293670654297,2.101730795630846,37.993536709669996,71.09612002425261,10.478175597958508,23.988502725477964,-6.115810478872269
10,4224,1.7329711081583128,2.7756585620164804,3.2549232689770093,3.5959798446792317,5,2.6822723613772723,0.17241382598876953,2.193904525940568,34.06467950304629,63.90776363149021,10.478175597958508,22.260213681237204,-3.364470036666334
10,4224,1.7329711081583128,2.7756585620164804,3.2549232689770093,3.5959798446792317,6,2.7985850987215337,0.23907804489135742,2.2170979480642132,28.49278181042158,62.19309786556539,10.478175597958508,26.227400154559117,0.8259854803033647
10,4224,1.7329711081583128,2.7756585620164804,3.2549232689770093,3.5959798446792317,7,2.9214376022570434,1.2456586360931396,2.276469924012043,23.089394135991494,57.96298500362741,10.478175597958508,28.33192178125998,5.252052332209635
10,4224,1.7329711081583128,2.7756585620164804,3.2549232689770093,3.5959798446792317,8,3.029338141462676,3.103598117828369,2.276469924012043,18.705132169331232,57.96298500362741,10.478175597958508,33.07174013192235,9.139437498461644
10,4224,1.7329711081583128,2.7756585620164804,3.2549232689770093,3.5959798446792317,9,3.0754708975591614,12.861576080322266,2.276845789685022,16.92452845296539,57.93690819863115,10.478175597958508,35.075941967269586,10.80148472313796
10,4324,1.2848642715238265,2.027798194787465,2.369903539216075,2.867952111997439,2,1.5629465424958962,0.03806304931640625,1.4299101697227854,83.49649421902538,100.56869114746172,21.015563061529086,9.30382730258519,-22.923960258298305
10,4324,1.2848642715238265,2.027798194787465,2.369903539216075,2.867952111997439,3,1.7451784357040725,0.054048776626586914,1.4299101697227838,64.3357523404417,100.56869114746195,21.015563061529086,22.048116913694628,-13.937272447025437
10,4324,1.2848642715238265,2.027798194787465,2.369903539216075,2.867952111997439,4,1.9338126885080529,0.14548921585083008,1.5153992213898548,48.30557938939163,89.25389900669771,21.015563061529086,27.610774851424853,-4.634855012742668
10,4324,1.2848642715238265,2.027798194787465,2.369903539216075,2.867952111997439,5,2.021932876975414,0.40311169624328613,1.6151190700900857,41.84210290341465,77.56908237344227,21.015563061529086,25.187852364509432,-0.28924563731874
10,4324,1.2848642715238265,2.027798194787465,2.369903539216075,2.867952111997439,6,2.113711327254241,0.4216620922088623,1.6636905450381252,35.683244680482176,72.38494986648595,21.015563061529086,27.049548580911303,4.23676935346027
10,4324,1.2848642715238265,2.027798194787465,2.369903539216075,2.867952111997439,7,2.1396860265679645,1.4202520847320557,1.7417268846839347,34.03611914957478,64.6614137507487,21.015563061529086,22.848538733800744,5.51770053194206
10,4324,1.2848642715238265,2.027798194787465,2.369903539216075,2.867952111997439,8,2.1549291982113163,1.7211778163909912,1.7829614457715952,33.08799724733241,60.85328815151709,21.015563061529086,20.862355342672494,6.269411016867781
10,4324,1.2848642715238265,2.027798194787465,2.369903539216075,2.867952111997439,9,2.2428048883319267,2.928098201751709,1.8631414112875693,27.87345555192107,53.93099496486802,21.015563061529086,20.377598541056617,10.602963060976425
10,4424,1.9580992456357884,3.0897598367882892,3.616080170028497,4.687886008668358,2,2.170149029462886,0.07633423805236816,2.27885588760024,116.01677788131515,105.71226263916842,29.639991046753124,-4.770238378339427,-29.763180826420175
10,4424,1.9580992456357884,3.0897598367882892,3.616080170028497,4.687886008668358,3,2.495250994693537,0.09340524673461914,2.3430025728033272,87.87232301029972,100.08027575742067,29.639991046753124,6.498004895831132,-19.241263835985585
10,4424,1.9580992456357884,3.0897598367882892,3.616080170028497,4.687886008668358,4,2.753363683492384,0.0914144515991211,2.5239319369607687,70.26032691483074,85.7374178763849,29.639991046753124,9.09025093631839,-10.887453105273675
10,4424,1.9580992456357884,3.0897598367882892,3.616080170028497,4.687886008668358,5,2.8617473012475814,0.15581130981445312,2.587085355968389,63.81201815494576,81.20337614116349,29.639991046753124,10.616655714336947,-7.379620021785251
10,4424,1.9580992456357884,3.0897598367882892,3.616080170028497,4.687886008668358,6,2.9344360695776723,0.20692992210388184,2.69062905057937,59.75423889003125,74.2301120126136,29.639991046753124,9.06133898115029,-5.027049849028758
10,4424,1.9580992456357884,3.0897598367882892,3.616080170028497,4.687886008668358,7,3.164906809467501,0.7821452617645264,2.7062229997950533,48.12082285156132,73.22615353662205,29.639991046753124,16.949224424860194,2.4321298951611894
10,4424,1.9580992456357884,3.0897598367882892,3.616080170028497,4.687886008668358,8,3.242366820700884,1.7456982135772705,2.7943695400878483,44.58222242895407,67.76184901160146,29.639991046753124,16.032141568468123,4.939121225396756
10,4424,1.9580992456357884,3.0897598367882892,3.616080170028497,4.687886008668358,9,3.343592633728778,5.780280590057373,2.795581507869899,40.205058516366655,67.68911925734929,29.639991046753124,19.602759723376398,8.215292137538437
10,4524,0.9553104107129469,1.5448582548415288,1.788360921824121,2.019750555256787,2,1.2202161597915269,0.08237004280090332,1.0848816343507304,65.52399663366694,86.1724349740281,12.938642899703346,12.474589038627261,-21.014361287359897
10,4524,0.9553104107129469,1.5448582548415288,1.788360921824121,2.019750555256787,3,1.3351226760487358,0.07376265525817871,1.1220802422312754,51.27827513455102,80.00054534785133,12.938642899703346,18.986381347720897,-13.57636392435937
10,4524,0.9553104107129469,1.5448582548415288,1.788360921824121,2.019750555256787,4,1.4049150372264836,0.3156256675720215,1.1245858292994229,43.76318152619979,79.59950255775675,12.938642899703346,24.927328855076887,-9.05864451812769
10,4524,0.9553104107129469,1.5448582548415288,1.788360921824121,2.019750555256787,5,1.4940670767236115,0.5295066833496094,1.1951687879440007,35.1847307743347,68.99291343871856,12.938642899703346,25.00887672056707,-3.287756527742248
10,4524,0.9553104107129469,1.5448582548415288,1.788360921824121,2.019750555256787,6,1.567475160596028,0.6061224937438965,1.1958567675262093,28.853751946460353,68.8956913656903,12.938642899703346,31.07549358428279,1.464011710046446
10,4524,0.9553104107129469,1.5448582548415288,1.788360921824121,2.019750555256787,7,1.625948808216284,1.5491816997528076,1.195856767526215,24.219812152174427,68.89569136568949,12.938642899703346,35.965180142749894,5.249061078621319
10,4524,0.9553104107129469,1.5448582548415288,1.788360921824121,2.019750555256787,8,1.6584986910232975,3.761448860168457,1.1963680477099259,21.781860075547975,68.82351205575662,12.938642899703346,38.627798878278035,7.356042913686335
10,4524,0.9553104107129469,1.5448582548415288,1.788360921824121,2.019750555256787,9,1.6911474912782944,6.213428497314453,1.1963680477099259,19.430775001777636,68.82351205575662,12.938642899703346,41.35679187650236,9.469427760009731
10,4624,1.4535817386659435,2.338796522625522,2.753008652442852,3.4145072444908617,2,1.7996833361152071,0.1051487922668457,1.5826520423148234,89.72822473654783,115.7459222367492,24.028206066880177,13.713140222720643,-23.050880283724247
10,4624,1.4535817386659435,2.338796522625522,2.753008652442852,3.4145072444908617,3,1.9804497235286889,0.08513402938842773,1.6532982154352742,72.41070065676924,106.5270023649002,24.028206066880177,19.78780990864878,-15.321845899383952
10,4624,1.4535817386659435,2.338796522625522,2.753008652442852,3.4145072444908617,4,2.1290754559451734,0.1477367877960205,1.6882283651932066,60.375116577305086,102.25387245522877,24.028206066880177,26.11300105134265,-8.967050560042587
10,4624,1.4535817386659435,2.338796522625522,2.753008652442852,3.4145072444908617,5,2.1889206537749235,0.55013108253479,1.7149092467836926,55.99045303914244,99.10716855103325,24.028206066880177,27.640611762997835,-6.408247464056788
10,4624,1.4535817386659435,2.338796522625522,2.753008652442852,3.4145072444908617,6,2.3523075997704352,0.5155880451202393,1.7562452622484364,45.155643965274265,94.42086580318698,24.028206066880177,33.93958408513449,0.5776935707834013
10,4624,1.4535817386659435,2.338796522625522,2.753008652442852,3.4145072444908617,7,2.4492262298891947,2.511641025543213,1.8577786080598682,39.41167225884794,83.7951642718467,24.028206066880177,31.836281205056633,4.721646633017266
10,4624,1.4535817386659435,2.338796522625522,2.753008652442852,3.4145072444908617,8,2.4863694195166786,2.7241272926330566,1.921161728045323,37.32903959036797,77.73137964625893,24.028206066880177,29.42009947524946,6.309779216085548
10,4624,1.4535817386659435,2.338796522625522,2.753008652442852,3.4145072444908617,9,2.5646195100877387,9.175973176956177,1.9670748636239346,33.13894053523937,73.58298393383606,24.028206066880177,30.37732104221747,9.655520917600349
10,4724,1.528535351470798,2.446750521560238,2.875741942175292,3.7153480560812366,2,1.8621666153250462,0.03805255889892578,1.7370930931361923,99.51748815090386,113.88307113543652,29.196156358551523,7.200162310417284,-23.89225632462175
10,4724,1.528535351470798,2.446750521560238,2.875741942175292,3.7153480560812366,3,2.0346809784321964,0.09280204772949219,1.8538477936136064,82.60101192591193,100.41278841123776,29.196156358551523,9.754478519841241,-16.84150220862215
10,4724,1.528535351470798,2.446750521560238,2.875741942175292,3.7153480560812366,4,2.278917323470056,0.14399075508117676,1.8978344402591516,63.031278836564375,95.76776441963511,29.196156358551523,20.079880263889986,-6.859432402742821
10,4724,1.528535351470798,2.446750521560238,2.875741942175292,3.7153480560812366,5,2.4032854914476416,0.2706031799316406,2.022070175146361,54.594536075831,83.73981782369712,29.196156358551523,18.85272435085928,-1.7764389842606267
10,4724,1.528535351470798,2.446750521560238,2.875741942175292,3.7153480560812366,6,2.565217232645357,1.4399373531341553,2.0235557684330456,44.83561114431692,83.60492525285044,29.196156358551523,26.76780510140081,4.8417977248279245
10,4724,1.528535351470798,2.446750521560238,2.875741942175292,3.7153480560812366,7,2.5790307545853466,2.005706787109375,2.0827277159927884,44.05985851373012,78.38856359148299,29.196156358551523,23.82947299263178,5.406363740785332
10,4724,1.528535351470798,2.446750521560238,2.875741942175292,3.7153480560812366,8,2.7198116244299073,11.747111797332764,2.18010153308243,36.603139081737,70.42087259248576,29.196156358551523,24.756190624956137,11.160153046398229
10,4724,1.528535351470798,2.446750521560238,2.875741942175292,3.7153480560812366,9,2.7540618869835995,15.320165157318115,2.2402350175087387,34.90430529687518,65.84635214803947,29.196156358551523,22.936293087957527,12.55997956127526
10,4824,1.207588489617825,1.870550347953534,2.1753190583232307,2.527216725825181,2,1.4653870433220004,0.047356605529785156,1.2868302329223065,72.46069817131969,96.39084171080118,16.17683006800843,13.875708374849355,-21.66011222712077
10,4824,1.207588489617825,1.870550347953534,2.1753190583232307,2.527216725825181,3,1.578731562538613,0.06390762329101562,1.3149099456603468,60.078938420753204,92.19694353714958,16.17683006800843,20.06385439162338,-15.600691301048586
10,4824,1.207588489617825,1.870550347953534,2.1753190583232307,2.527216725825181,4,1.6779334637057908,0.1287975311279297,1.3372151007135757,50.61483548004998,88.99103999622699,16.17683006800843,25.47969753036726,-10.297337596845479
10,4824,1.207588489617825,1.870550347953534,2.1753190583232307,2.527216725825181,5,1.7616321672040514,0.20770549774169922,1.4224262311882243,43.458820341377844,77.66944045415062,16.17683006800843,23.846996672190954,-5.822787976204113
10,4824,1.207588489617825,1.870550347953534,2.1753190583232307,2.527216725825181,6,1.8127095742246166,0.4577949047088623,1.4673656654177656,39.41652660527231,72.22814908277626,16.17683006800843,23.534959072967684,-3.0921794643056613
10,4824,1.207588489617825,1.870550347953534,2.1753190583232307,2.527216725825181,7,1.882062274754351,1.1258606910705566,1.5205785471413957,34.27912347666797,66.20099833554866,16.17683006800843,23.77277571701408,0.6154299355487327
10,4824,1.207588489617825,1.870550347953534,2.1753190583232307,2.527216725825181,8,1.9417406270764834,1.984612226486206,1.5953002559347906,30.152126941392783,58.41636810522039,16.17683006800843,21.71631138733133,3.805846723176143
10,4824,1.207588489617825,1.870550347953534,2.1753190583232307,2.527216725825181,9,2.054349766769139,11.93151330947876,1.5981050093691258,23.01784081294571,58.13833953394808,16.17683006800843,28.54911002250861,9.825954111135792
10,4924,0.7651255235113572,1.214278344942531,1.4149229110186026,1.330403923405824,2,0.8545632595400422,0.020932674407958984,1.0071592369306757,55.68232176537721,32.094695120926325,-5.973398759366568,-15.151127229460826,-29.62377505130533
10,4924,0.7651255235113572,1.214278344942531,1.4149229110186026,1.330403923405824,3,0.8756854797580876,0.04210472106933594,1.0135032877787906,51.92714212565846,31.26784485539832,-5.973398759366568,-13.59816092187985,-27.884287535447083
10,4924,0.7651255235113572,1.214278344942531,1.4149229110186026,1.330403923405824,4,0.9414995277707254,0.11644363403320312,1.0207947467176,41.306913510189766,30.33020866180815,-5.973398759366568,-7.767988540482891,-22.464274217516046
10,4924,0.7651255235113572,1.214278344942531,1.4149229110186026,1.330403923405824,5,1.0143670661547644,0.29217100143432617,1.038716566513694,31.15606448552039,28.08151581438021,-5.973398759366568,-2.3441910087806965,-16.46338169665934
10,4924,0.7651255235113572,1.214278344942531,1.4149229110186026,1.330403923405824,6,1.0644116068864244,0.3553626537322998,1.0822807580658762,24.98961067302432,22.925951837429327,-5.973398759366568,-1.651064296050628,-12.342041565700438
10,4924,0.7651255235113572,1.214278344942531,1.4149229110186026,1.330403923405824,7,1.1710634527104964,1.280099868774414,1.1136566918260293,13.606476261087696,19.46266144411172,-5.973398759366568,5.154798719014467,-3.55889507640687
10,4924,0.7651255235113572,1.214278344942531,1.4149229110186026,1.330403923405824,8,1.1749869363314016,1.0696678161621094,1.1534967749835516,13.227124682736688,15.336596708282519,-5.973398759366568,1.8630447708149354,-3.235782699640329
10,4924,0.7651255235113572,1.214278344942531,1.4149229110186026,1.330403923405824,9,1.2383011291084045,1.0448968410491943,1.1661574410809332,7.437834960526518,14.084417467048674,-5.973398759366568,6.186444941825346,1.9783589377121356
10,5024,1.6689318320066648,2.663563419366641,3.1813923849947514,3.6981639482951225,2,2.0862972889855826,0.06602168083190918,1.8446305357512631,77.25968239613998,100.48263739648928,16.24356573360012,13.101092525061983,-21.672700795625293
10,5024,1.6689318320066648,2.663563419366641,3.1813923849947514,3.6981639482951225,3,2.312922458183233,0.061307430267333984,1.9597004093672639,59.89139347109702,88.71067897001477,16.24356573360012,18.024288157903452,-13.164355638537245
10,5024,1.6689318320066648,2.663563419366641,3.1813923849947514,3.6981639482951225,4,2.565098047132137,0.24813294410705566,1.9597004096632347,44.17242071622914,88.71067894151406,16.24356573360012,30.892356529789023,-3.696753436338956
10,5024,1.6689318320066648,2.663563419366641,3.1813923849947514,3.6981639482951225,5,2.6954362820266735,0.41666698455810547,1.9839565374991712,37.20094119659573,86.40347600339847,16.24356573360012,35.861659823674415,1.1966248833531277
10,5024,1.6689318320066648,2.663563419366641,3.1813923849947514,3.6981639482951225,6,2.832766568197452,0.3029341697692871,2.0103873519976974,30.54954791592096,83.95280614058291,16.24356573360012,40.90650567327568,6.352510610430498
10,5024,1.6689318320066648,2.663563419366641,3.1813923849947514,3.6981639482951225,7,2.8821283205616335,0.39608144760131836,2.190833476006209,28.313646617041332,68.80169071711964,16.24356573360012,31.5539657452936,8.205732951797497
10,5024,1.6689318320066648,2.663563419366641,3.1813923849947514,3.6981639482951225,8,2.952443901183913,2.033735990524292,2.302965299767182,25.2577211310325,60.58270390218158,16.24356573360012,28.201840535000233,10.845639331011835
10,5024,1.6689318320066648,2.663563419366641,3.1813923849947514,3.6981639482951225,9,2.9987863796285015,4.217206001281738,2.3508642420114825,23.322020315207048,57.31082561921325,16.24356573360012,27.561018881406525,12.585506987536721
10,5124,1.7005368186454328,2.661900819899614,3.108328692964278,3.777130832432867,2,2.0778044845980608,0.06510519981384277,2.0027889493656565,81.78470883238714,88.5935526870766,21.516454838975907,3.745553681837715,-21.942828633396676
10,5124,1.7005368186454328,2.661900819899614,3.108328692964278,3.777130832432867,3,2.249143956741557,0.05818581581115723,2.057367993703093,67.93637513114003,83.59043418549264,21.516454838975907,9.321422498329207,-15.506094745243844
10,5124,1.7005368186454328,2.661900819899614,3.108328692964278,3.777130832432867,4,2.3202366469475324,0.15524554252624512,2.184126356103758,62.79075832208763,72.93554568751482,21.516454838975907,6.231795631392874,-12.835345719791565
10,5124,1.7005368186454328,2.661900819899614,3.108328692964278,3.777130832432867,5,2.5277709393671612,0.16961979866027832,2.2426426359818983,49.42536024955208,68.42321517619425,21.516454838975907,12.713942864125785,-5.038875961483464
10,5124,1.7005368186454328,2.661900819899614,3.108328692964278,3.777130832432867,6,2.6097535730936783,0.1574099063873291,2.243406014896349,44.73132143106315,68.3659046714012,21.516454838975907,16.329971292078206,-1.9590229063418836
10,5124,1.7005368186454328,2.661900819899614,3.108328692964278,3.777130832432867,7,2.6570863510345606,2.0735442638397217,2.243406014896349,42.153108082550915,68.3659046714012,21.516454838975907,18.439833600843976,-0.18086582449135383
10,5124,1.7005368186454328,2.661900819899614,3.108328692964278,3.777130832432867,8,2.7078375209453336,3.484107255935669,2.303371700442662,39.48882838118856,63.982688148290535,21.516454838975907,17.559728654517265,1.725710466081596
10,5124,1.7005368186454328,2.661900819899614,3.108328692964278,3.777130832432867,9,2.764739631351379,8.121394872665405,2.428448968713053,36.617958146989814,55.53675951587087,21.516454838975907,13.847960857770955,3.863359997599119
10,5224,0.9587190449844439,1.5183811446186155,1.7469627758255228,1.9958799663308664,2,1.1848771646610117,0.07055783271789551,1.0918622377181326,68.44615001943085,82.79595148395529,14.248568655832885,8.518925165620676,-21.96444424639986
10,5224,0.9587190449844439,1.5183811446186155,1.7469627758255228,1.9958799663308664,3,1.2677952119080103,0.18360638618469238,1.104503682571694,57.4292084071765,80.70378558482648,14.248568655832885,14.784154359369175,-16.503493447526115
10,5224,0.9587190449844439,1.5183811446186155,1.7469627758255228,1.9958799663308664,4,1.336177739151366,0.2877933979034424,1.1360402024550966,49.37234080837859,75.68744151990131,14.248568655832885,17.61711744564604,-11.99984642281731
10,5224,0.9587190449844439,1.5183811446186155,1.7469627758255228,1.9958799663308664,5,1.458632224457239,0.36407899856567383,1.2231671223602625,36.83229623379113,63.17312081439472,14.248568655832885,19.250444014765165,-3.935040972626422
10,5224,0.9587190449844439,1.5183811446186155,1.7469627758255228,1.9958799663308664,6,1.5416289931394542,0.6462399959564209,1.2381685098288768,29.465648039373704,61.196149836399115,14.248568655832885,24.508819349033327,1.5310943897869647
10,5224,0.9587190449844439,1.5183811446186155,1.7469627758255228,1.9958799663308664,7,1.5825868517467954,1.3008406162261963,1.2942914289713399,26.115035274550323,54.2063805457729,14.248568655832885,22.27438243986389,4.228563253418623
10,5224,0.9587190449844439,1.5183811446186155,1.7469627758255228,1.9958799663308664,8,1.6126833999909467,3.061589241027832,1.303304191351043,23.76142560542701,53.1399944522452,14.248568655832885,23.73806596288102,6.210710381023459
10,5224,0.9587190449844439,1.5183811446186155,1.7469627758255228,1.9958799663308664,9,1.648179143325917,13.263512372970581,1.3315880933690747,21.09605769572548,49.88718930949999,14.248568655832885,23.775449144774914,8.548446427125773
10,5324,1.6257515816824764,2.552281902488261,2.9622312896093685,3.617261712879092,2,2.0173805719607856,0.10537242889404297,1.8755491466515473,79.30487500250425,92.86413898228454,22.11273729932488,7.5621279006445965,-20.9577684191543
10,5324,1.6257515816824764,2.552281902488261,2.9622312896093685,3.617261712879092,3,2.2093576615806043,0.25525832176208496,1.8755491466515581,63.724587276251775,92.86413898228342,22.11273729932488,17.797908176653156,-13.435986070869918
10,5324,1.6257515816824764,2.552281902488261,2.9622312896093685,3.617261712879092,4,2.307224332143654,0.36957216262817383,1.9373580754690274,56.77980084053098,86.71105557001205,22.11273729932488,19.09126977392052,-9.601508755976216
10,5324,1.6257515816824764,2.552281902488261,2.9622312896093685,3.617261712879092,5,2.521753561187661,0.6733601093292236,2.004300512181418,43.44231603565113,80.47501813698473,22.11273729932488,25.81713898995433,-1.1961194909871475
10,5324,1.6257515816824764,2.552281902488261,2.9622312896093685,3.617261712879092,6,2.5958758797759187,1.1394896507263184,2.048611480755089,39.346481896944205,76.57138734504314,22.11273729932488,26.71391838627772,1.7080392743903965
10,5324,1.6257515816824764,2.552281902488261,2.9622312896093685,3.617261712879092,7,2.6895338377008517,7.591655492782593,2.048611480755089,34.494002721724755,76.57138734504314,22.11273729932488,31.285695846512006,5.377616597868042
10,5324,1.6257515816824764,2.552281902488261,2.9622312896093685,3.617261712879092,8,2.781844479908234,3.9753706455230713,2.322894438889838,30.03105453969936,55.72217369498117,22.11273729932488,19.75767961447866,8.99440524952079
10,5324,1.6257515816824764,2.552281902488261,2.9622312896093685,3.617261712879092,9,2.781844479908235,7.219590902328491,2.3607703633191908,30.03105453969932,53.22378529834227,22.11273729932488,17.83630136719538,8.994405249520824
10,5424,1.5544641956225727,2.4915571038343405,2.917669583428918,3.557761890327375,2,1.875041845775009,0.061362504959106445,1.829896934251758,89.74306617977633,94.42416803556965,21.938478247636407,2.4670740017229913,-24.744175323557922
10,5424,1.5544641956225727,2.4915571038343405,2.917669583428918,3.557761890327375,3,2.099643585881468,0.11069965362548828,1.89233100729807,69.4459914173368,88.00949076067089,21.938478247636407,10.955407789856263,-15.729662280256129
10,5424,1.5544641956225727,2.4915571038343405,2.917669583428918,3.557761890327375,4,2.241620538734031,0.23815441131591797,2.0746496807668042,58.71383353476245,71.48735631417073,21.938478247636407,8.048147092742575,-10.031340028919018
10,5424,1.5544641956225727,2.4915571038343405,2.917669583428918,3.557761890327375,5,2.378962444332003,0.3254365921020508,2.1568971752666553,49.55099013033688,64.94814547140071,21.938478247636407,10.295589034646227,-4.519047921039481
10,5424,1.5544641956225727,2.4915571038343405,2.917669583428918,3.557761890327375,6,2.416453924125723,0.43657350540161133,2.261323387752283,47.230694316448826,57.330964230805115,21.938478247636407,6.860165919375059,-3.014306980684444
10,5424,1.5544641956225727,2.4915571038343405,2.917669583428918,3.557761890327375,7,2.491873867796169,1.3205397129058838,2.38859824102714,42.77455758520735,48.947689453102576,21.938478247636407,4.3236918203799215,0.012713493956899134
10,5424,1.5544641956225727,2.4915571038343405,2.917669583428918,3.557761890327375,8,2.491873867796169,2.602818489074707,2.4027054545103437,42.77455758520735,48.07315993097559,21.938478247636407,3.7111670562215227,0.012713493956899134
10,5424,1.5544641956225727,2.4915571038343405,2.917669583428918,3.557761890327375,9,2.491873867796169,3.4170680046081543,2.439914753706333,42.77455758520735,45.815007877754155,21.938478247636407,2.129546288898342,0.012713493956899134
10,5524,1.4401459163018147,2.1741905622184277,2.4934340820725183,3.110667934450713,2,1.773746133386595,0.04822039604187012,1.497317812357493,75.37278170194217,107.74934411239232,24.754368154988722,18.46156632531284,-18.4180924979842
10,5524,1.4401459163018147,2.1741905622184277,2.4934340820725183,3.110667934450713,3,1.845045455046461,0.11734199523925781,1.530729683896021,68.59573437297142,103.21471303368375,24.754368154988722,20.533721561500133,-15.138742338947722
10,5524,1.4401459163018147,2.1741905622184277,2.4934340820725183,3.110667934450713,4,2.0271865727084677,0.1552867889404297,1.5536353999289145,53.44754036598792,100.21865713107718,24.754368154988722,30.480199717463968,-6.761320376626277
10,5524,1.4401459163018147,2.1741905622184277,2.4934340820725183,3.110667934450713,5,2.109939063943608,0.11476850509643555,1.6292865499039886,47.42927829568122,90.92209007887656,24.754368154988722,29.500796779298494,-2.9551916649505134
10,5524,1.4401459163018147,2.1741905622184277,2.4934340820725183,3.110667934450713,6,2.174733817428832,0.42592883110046387,1.7812093264720648,43.03672061017691,74.6379770316961,24.754368154988722,22.09310748087075,0.024986549930104414
10,5524,1.4401459163018147,2.1741905622184277,2.4934340820725183,3.110667934450713,7,2.2903566341333894,0.593684196472168,1.856834477392354,35.81587636144307,67.52532184878324,24.754368154988722,23.34737759446671,5.342957233538541
10,5524,1.4401459163018147,2.1741905622184277,2.4934340820725183,3.110667934450713,8,2.293174545544485,2.5334038734436035,1.8656860591987154,35.648982346091955,66.73051283808697,24.754368154988722,22.913205801053675,5.472564612949688
10,5524,1.4401459163018147,2.1741905622184277,2.4934340820725183,3.110667934450713,9,2.3318838573651224,1.6543805599212646,1.87251768097345,33.39720692460071,66.12221962217181,24.754368154988722,24.532007417567637,7.2529656731557575
10,5624,1.9406448802294032,2.9766333516454324,3.4483816141185404,4.55056417391057,2,2.3650716634081164,0.05643773078918457,2.1274656413483277,92.40703122513905,113.89601248866943,31.962314010706283,11.168501029666484,-20.545415440543096
10,5624,1.9406448802294032,2.9766333516454324,3.4483816141185404,4.55056417391057,3,2.6361846255390278,0.08957767486572266,2.1993884875406087,72.61932756246554,106.90133642552087,31.962314010706283,19.85989016823724,-11.437375245366056
10,5624,1.9406448802294032,2.9766333516454324,3.4483816141185404,4.55056417391057,4,2.803812024534494,0.2328014373779297,2.19938848754063,62.29918889323838,106.90133642551886,31.962314010706283,27.481435881740673,-5.805932632428697
10,5624,1.9406448802294032,2.9766333516454324,3.4483816141185404,4.55056417391057,5,2.939594255347696,0.19824457168579102,2.2360703390029824,54.80245838799709,103.50720165357468,31.962314010706283,31.462512787428697,-1.2443284718711465
10,5624,1.9406448802294032,2.9766333516454324,3.4483816141185404,4.55056417391057,6,3.0949796424989438,0.22650480270385742,2.292869880075752,47.030504221228426,98.4658708046803,31.962314010706283,34.98278595716438,3.9758437426662416
10,5624,1.9406448802294032,2.9766333516454324,3.4483816141185404,4.55056417391057,7,3.276682128514584,0.42997121810913086,2.391255340097676,38.87719331424663,90.30022003943303,31.962314010706283,37.02769727555489,10.080138916111038
10,5624,1.9406448802294032,2.9766333516454324,3.4483816141185404,4.55056417391057,8,3.307019351208425,4.5099403858184814,2.3912553400976555,37.60319159450152,90.30022003943465,31.962314010706283,38.29637077039924,11.09931793851469
10,5624,1.9406448802294032,2.9766333516454324,3.4483816141185404,4.55056417391057,9,3.3820832837651116,6.26375675201416,2.6055190654909373,34.54914595848286,74.65096433877537,31.962314010706283,29.804587828945806,13.6210908170989
10,5724,1.4289012343979457,2.2924384238172615,2.6617885717272687,3.3330556384127634,2,1.7738163680998584,0.040257930755615234,1.6026806624301344,87.9030827741875,107.96754565933755,25.218647108770963,10.678091380364698,-22.623161884270715
10,5724,1.4289012343979457,2.2924384238172615,2.6617885717272687,3.3330556384127634,3,1.9707310188435376,0.061873435974121094,1.6130739281260318,69.12788232098076,106.62758106101799,25.218647108770963,22.17239299955765,-14.033415320182591
10,5724,1.4289012343979457,2.2924384238172615,2.6617885717272687,3.3330556384127634,4,2.0357307747542905,0.23212361335754395,1.6973976047973296,63.72772272969435,96.36269245299968,25.218647108770963,19.932464202891236,-11.198017202813821
10,5724,1.4289012343979457,2.2924384238172615,2.6617885717272687,3.3330556384127634,5,2.102173812053081,0.36609458923339844,1.7306542052062661,58.5528094443126,92.58934733386077,25.218647108770963,21.467003964696435,-8.29966073624612
10,5724,1.4289012343979457,2.2924384238172615,2.6617885717272687,3.3330556384127634,6,2.1839650260992673,0.4940180778503418,1.7956656778335172,52.614881583789,85.61671471240224,25.218647108770963,21.624256288856397,-4.731791117746548
10,5724,1.4289012343979457,2.2924384238172615,2.6617885717272687,3.3330556384127634,7,2.2572795263275394,1.367483139038086,1.8017109221413692,47.658081311509,84.99391869431311,25.218647108770963,25.285332879301077,-1.5336899401283444
10,5724,1.4289012343979457,2.2924384238172615,2.6617885717272687,3.3330556384127634,8,2.3135236110880726,3.2061946392059326,1.8339699882725269,44.06836491481472,81.73992266647022,25.218647108770963,26.148389879992102,0.9197711507426678
10,5724,1.4289012343979457,2.2924384238172615,2.6617885717272687,3.3330556384127634,9,2.382872165457526,5.035214424133301,1.8878249510997371,39.875553826564456,76.5553335054248,25.218647108770963,26.223152420429813,3.9448711337545217
10,5824,2.216503863935657,3.574004442888434,4.1791589400013525,5.081303942214657,2,2.68514454333005,0.0975642204284668,2.3926185807009492,89.23763172588649,112.374173769311,21.586759804187114,12.226184523878498,-24.870139748344194
10,5824,2.216503863935657,3.574004442888434,4.1791589400013525,5.081303942214657,3,2.891236638496698,0.158599853515625,2.653699802465022,75.74846259753706,91.47998343650751,21.586759804187114,8.95115701523691,-19.103720079316343
10,5824,2.216503863935657,3.574004442888434,4.1791589400013525,5.081303942214657,4,3.240376858564902,0.4387824535369873,2.806444486607236,56.81212908257418,81.05841631514119,21.586759804187114,15.461997343202574,-9.334839663878565
10,5824,2.216503863935657,3.574004442888434,4.1791589400013525,5.081303942214657,5,3.348112039529419,0.7864603996276855,2.984668201415465,51.76624564000074,70.24686160441125,21.586759804187114,12.177026509733727,-6.320428722703368
10,5824,2.216503863935657,3.574004442888434,4.1791589400013525,5.081303942214657,6,3.583729997831804,1.4808106422424316,3.1900840221466122,41.788135414467654,59.284329407582185,21.586759804187114,12.339674220251622,0.2721192740183032
10,5824,2.216503863935657,3.574004442888434,4.1791589400013525,5.081303942214657,7,3.730795725174008,4.412858009338379,3.269906315550439,36.19893225265394,55.396009911656954,21.586759804187114,14.094881172336752,4.386991812434872
10,5824,2.216503863935657,3.574004442888434,4.1791589400013525,5.081303942214657,8,3.89127587036604,3.5945053100585938,3.3265869606669383,30.581950791802242,52.748267287019004,21.586759804187114,16.975023240814025,8.877197343974034
10,5824,2.216503863935657,3.574004442888434,4.1791589400013525,5.081303942214657,9,3.9220661366353458,11.9032883644104,3.419527380144255,29.556814321693093,48.596673672497346,21.586759804187114,14.696146590582076,9.738703443401873
10,5924,1.241566408767826,2.0088007055046484,2.3525940807163552,2.8963786902392727,2,1.5721992955153339,0.11055850982666016,1.4443195812414809,84.22465259341696,100.53585978178448,23.11425562021891,8.853976359160942,-21.734431334721783
10,5924,1.241566408767826,2.0088007055046484,2.3525940807163552,2.8963786902392727,3,1.6792978455676653,0.20574021339416504,1.4455480327740613,72.47557947412174,100.36544096573621,23.11425562021891,16.17032485216207,-16.402964168324793
10,5924,1.241566408767826,2.0088007055046484,2.3525940807163552,2.8963786902392727,4,1.8368485159257297,0.30985069274902344,1.5002267947242718,57.68195717432714,93.06272227804071,23.11425562021891,22.438055525019866,-8.559942711475754
10,5924,1.241566408767826,2.0088007055046484,2.3525940807163552,2.8963786902392727,5,1.921431922359717,0.32197046279907227,1.5334575317749692,50.74063548825713,88.87896340283577,23.11425562021891,25.300628321650965,-4.349300699940903
10,5924,1.241566408767826,2.0088007055046484,2.3525940807163552,2.8963786902392727,6,1.9405700059541258,1.1635735034942627,1.593008325902011,49.25401718837769,81.81817653710334,23.11425562021891,21.8179449787442,-3.3965887887012567
10,5924,1.241566408767826,2.0088007055046484,2.3525940807163552,2.8963786902392727,7,2.0169170149470035,1.6095802783966064,1.6615506911634723,43.604256832320786,74.31780478578919,23.11425562021891,21.387630583493785,0.40403756430960214
10,5924,1.241566408767826,2.0088007055046484,2.3525940807163552,2.8963786902392727,8,2.079518229479811,1.6670873165130615,1.6930405899601542,39.28123587374363,71.07556117762299,23.11425562021891,22.827429053473107,3.520385261782201
10,5924,1.241566408767826,2.0088007055046484,2.3525940807163552,2.8963786902392727,9,2.1559994683403785,11.657164812088013,1.7528003226837527,34.340417647172025,65.24293456339402,23.11425562021891,23.003141911754003,7.327693704625168
10,6024,2.093450595400501,3.2300688256329617,3.6963225008832232,4.532739258216606,2,2.546305753186252,0.04324078559875488,2.3709222255409346,78.01237155218627,91.18042799495225,22.628349045125898,7.397270385168492,-21.168684302345174
10,6024,2.093450595400501,3.2300688256329617,3.6963225008832232,4.532739258216606,3,2.8210265537166843,0.04012346267700195,2.624300279333981,60.676944080684066,72.72182203810021,22.628349045125898,7.496332486487795,-12.66357758912836
10,6024,2.093450595400501,3.2300688256329617,3.6963225008832232,4.532739258216606,4,3.0903864947616637,0.058365583419799805,2.6810114793164104,46.67224523210256,69.06825253028528,22.628349045125898,15.269424193201647,-4.32443822134118
10,6024,2.093450595400501,3.2300688256329617,3.6963225008832232,4.532739258216606,5,3.11634956592522,0.10128140449523926,2.6810114793164104,45.450282849474576,69.06825253028528,22.628349045125898,16.237830011821128,-3.520645096020743
10,6024,2.093450595400501,3.2300688256329617,3.6963225008832232,4.532739258216606,6,3.2487570186788233,0.5688126087188721,2.6810114793164104,39.52226134966355,69.06825253028528,22.628349045125898,21.17654264976044,0.5785694997443106
10,6024,2.093450595400501,3.2300688256329617,3.6963225008832232,4.532739258216606,7,3.3489923843116887,1.4839904308319092,2.8825753594547607,35.346359085501774,57.246166812234655,22.628349045125898,16.180566566181664,3.681765469979507
10,6024,2.093450595400501,3.2300688256329617,3.6963225008832232,4.532739258216606,8,3.4179245750994083,1.1362659931182861,2.9491368523921553,32.61671399184617,53.69714886374063,22.628349045125898,15.895760223097199,5.815843550319226
10,6024,2.093450595400501,3.2300688256329617,3.6963225008832232,4.532739258216606,9,3.441469421614895,4.0983641147613525,3.060742421571416,31.709415453403526,48.09280344111583,22.628349045125898,12.439040847089974,6.5447706347405
10,6124,2.2410167573297306,3.6070654059719915,4.250165638411566,5.4431088595073565,2,2.871824806303533,0.07997393608093262,2.396550399487381,89.53485071791164,127.12265348859889,28.068158339862592,19.83160491504008,-20.38334537685862
10,6124,2.2410167573297306,3.6070654059719915,4.250165638411566,5.4431088595073565,3,3.2799231598944107,0.11951255798339844,2.5761917803185983,65.95232858084957,111.28507982562563,28.068158339862592,27.31673103501564,-9.069484726724166
10,6124,2.2410167573297306,3.6070654059719915,4.250165638411566,5.4431088595073565,4,3.4685161300789913,0.3198964595794678,2.808636055298702,56.929034070353204,93.79900963809548,28.068158339862592,23.49468075564209,-3.841052498344303
10,6124,2.2410167573297306,3.6070654059719915,4.250165638411566,5.4431088595073565,5,3.6104748084501295,0.5337579250335693,2.9166830161784847,50.758810081378826,86.61982907690332,28.068158339862592,23.787013824377432,0.09452011800210748
10,6124,2.2410167573297306,3.6070654059719915,4.250165638411566,5.4431088595073565,6,3.811273598043941,1.3611268997192383,2.9699296427358988,42.81600938596804,83.27400020470402,28.068158339862592,28.328750391978858,5.661338764022818
10,6124,2.2410167573297306,3.6070654059719915,4.250165638411566,5.4431088595073565,7,3.9881979613723564,2.832843542098999,3.1028253096518794,36.480408250205286,75.42427678978952,28.068158339862592,28.534402145243913,10.566277915818983
10,6124,2.2410167573297306,3.6070654059719915,4.250165638411566,5.4431088595073565,8,4.094590444564466,14.596411943435669,3.10282530965188,32.93414648424818,75.42427678978949,28.068158339862592,31.963292674825354,13.515835831124942
10,6124,2.2410167573297306,3.6070654059719915,4.250165638411566,5.4431088595073565,9,4.1194447796712,8.454725980758667,3.10282530965188,32.13209912093558,75.42427678978949,28.068158339862592,32.76431537595584,14.204881698316152
10,6224,1.8591709264340222,2.995396001264453,3.480241680520608,4.022335230587962,2,2.2505814603425724,0.11857223510742188,2.0863670487696853,78.72426754887167,92.79135150068166,15.57631911316753,7.870830382876454,-24.865311318018396
10,6224,1.8591709264340222,2.995396001264453,3.480241680520608,4.022335230587962,3,2.4609211957710575,0.2187178134918213,2.324351322632081,63.44835574174821,73.05194750133963,15.57631911316753,5.875612340062496,-17.84321022221357
10,6224,1.8591709264340222,2.995396001264453,3.480241680520608,4.022335230587962,4,2.8398032308868837,0.15361380577087402,2.430693545966977,41.64133580944508,65.48096888897604,15.57631911316753,16.83098577353381,-5.194397345522547
10,6224,1.8591709264340222,2.995396001264453,3.480241680520608,4.022335230587962,5,2.953791502993163,0.6109659671783447,2.4947883614432635,36.17532674571014,61.229517210870554,15.57631911316753,18.398480153417136,-1.3889481809325839
10,6224,1.8591709264340222,2.995396001264453,3.480241680520608,4.022335230587962,6,3.0922127399131303,0.7827765941619873,2.6080646000642442,30.07951162832871,54.226825151834056,15.57631911316753,18.56350260024081,3.2321849467585553
10,6224,1.8591709264340222,2.995396001264453,3.480241680520608,4.022335230587962,7,3.1104682310378475,0.9934909343719482,2.638118243080629,29.316068572925385,52.4698614680338,15.57631911316753,17.904807307106825,3.8416366224972895
10,6224,1.8591709264340222,2.995396001264453,3.480241680520608,4.022335230587962,8,3.162484472867736,3.234025478363037,2.6507502933425204,27.189090257904557,51.743272110173464,15.57631911316753,19.305257866441032,5.578176359077391
10,6224,1.8591709264340222,2.995396001264453,3.480241680520608,4.022335230587962,9,3.1794514764596524,5.916887521743774,2.7303032597715498,26.510351246714674,47.32192170200607,15.57631911316753,16.450488240844127,6.144612435801602
10,6324,1.5370339449828578,2.413180522969924,2.811424418934621,3.2324800191975456,2,1.8651106809213192,0.04939150810241699,1.7432030267347947,73.31303993180605,85.43336430824846,14.97659326806595,6.993313590951626,-22.711514403161605
10,6324,1.5370339449828578,2.413180522969924,2.811424418934621,3.2324800191975456,3,1.9234656120567373,0.08963871002197266,1.797619601406662,68.05499401370092,79.82002514147517,14.97659326806595,7.000703071528533,-20.293339277846066
10,6324,1.5370339449828578,2.413180522969924,2.811424418934621,3.2324800191975456,4,2.0838203353514344,0.11257600784301758,1.9315122067031911,55.1227792703343,67.35488432221281,14.97659326806595,7.885434434204844,-13.648385791426115
10,6324,1.5370339449828578,2.413180522969924,2.811424418934621,3.2324800191975456,5,2.1189378375696286,0.18016290664672852,1.985793738007483,52.55190416086597,62.780250402087056,14.97659326806595,6.704830265792884,-12.193148527411786
10,6324,1.5370339449828578,2.413180522969924,2.811424418934621,3.2324800191975456,6,2.160340499994526,0.19872355461120605,2.032455937685671,49.628265507485345,59.04305521517603,14.97659326806595,6.292119791510721,-10.477459956631234
10,6324,1.5370339449828578,2.413180522969924,2.811424418934621,3.2324800191975456,7,2.2293557793784955,0.32756805419921875,2.0545316270370826,44.9961486227516,57.334157170373025,14.97659326806595,8.509197426838028,-7.617529722359667
10,6324,1.5370339449828578,2.413180522969924,2.811424418934621,3.2324800191975456,8,2.2934551014800357,2.1830592155456543,2.0552115317447655,40.94368000103986,57.28210791291842,14.97659326806595,11.592167816079455,-4.961312274414555
10,6324,1.5370339449828578,2.413180522969924,2.811424418934621,3.2324800191975456,9,2.3315542668052034,0.9380221366882324,2.055211531744765,38.640565446792266,57.282107912918455,14.97659326806595,13.445950978381196,-3.382517610587306
10,6424,2.020478415985159,3.227224904565779,3.7609122226227605,4.480525283595105,2,2.412943529651042,0.08133888244628906,2.295031826501595,85.68711735425796,95.22715248898929,19.134003092220674,5.137693594828456,-25.231627760516982
10,6424,2.020478415985159,3.227224904565779,3.7609122226227605,4.480525283595105,3,2.6188265392895644,0.10442852973937988,2.327061977190289,71.08904375203797,92.54000656247766,19.134003092220674,12.537893917701059,-18.85205968804563
10,6424,2.020478415985159,3.227224904565779,3.7609122226227605,4.480525283595105,4,2.7303095323497915,0.27587032318115234,2.327061977190272,64.10319894166072,92.54000656247908,19.134003092220674,17.328612607318973,-15.39760589703453
10,6424,2.020478415985159,3.227224904565779,3.7609122226227605,4.480525283595105,5,2.8513629609046287,0.5888433456420898,2.412943529651043,57.13626588505607,85.68711735425791,19.134003092220674,18.16948576981367,-11.646599006142774
10,6424,2.020478415985159,3.227224904565779,3.7609122226227605,4.480525283595105,6,3.0094376301997863,0.884082555770874,2.5773603361924127,48.882476866538624,73.84163249032834,19.134003092220674,16.764333955945418,-6.748438079350273
10,6424,2.020478415985159,3.227224904565779,3.7609122226227605,4.480525283595105,7,3.117283962736403,1.249192476272583,2.6052538470138753,43.73170160802503,71.98037299630718,19.134003092220674,19.653751449572304,-3.4066712138294015
10,6424,2.020478415985159,3.227224904565779,3.7609122226227605,4.480525283595105,8,3.3268580349514303,4.175269842147827,2.6246773583519567,34.67738137676552,70.70765933716291,19.134003092220674,26.7530283051771,3.087269506525361
10,6424,2.020478415985159,3.227224904565779,3.7609122226227605,4.480525283595105,9,3.522853359565321,7.040869951248169,2.647766553147878,27.184552585179112,69.21904532211481,19.134003092220674,33.049998512031564,9.160454066318595
10,6524,1.6733459249940907,2.662094959191247,3.140092152466079,3.7733454274684544,2,2.0264438209993054,0.09291219711303711,1.8970841993069492,86.20528180286266,98.9023696917063,20.166709900696652,6.818865590658257,-23.877853642946473
10,6524,1.6733459249940907,2.662094959191247,3.140092152466079,3.7733454274684544,3,2.204257787969528,0.11849212646484375,1.9863519226974797,71.1843981254255,89.96359025565948,20.166709900696652,10.970154018635862,-17.198378654411766
10,6524,1.6733459249940907,2.662094959191247,3.140092152466079,3.7733454274684544,4,2.4916305440022843,0.27966785430908203,2.023681268946473,51.440807970164094,86.45947291061577,20.166709900696652,23.123664889156455,-6.403393485285376
10,6524,1.6733459249940907,2.662094959191247,3.140092152466079,3.7733454274684544,5,2.661915937729771,0.2453746795654297,2.1714526123133355,41.752989791502266,73.77056289745867,20.166709900696652,22.58687675868392,-0.006724833795194378
10,6524,1.6733459249940907,2.662094959191247,3.140092152466079,3.7733454274684544,6,2.7485329563771748,0.43672966957092285,2.2013559497691553,37.285798910051234,71.41005423789576,20.166709900696652,24.85636212832364,3.246991505223685
10,6524,1.6733459249940907,2.662094959191247,3.140092152466079,3.7733454274684544,7,2.8472532919349853,1.5071427822113037,2.2013559497691553,32.52580787795312,71.41005423789576,20.166709900696652,29.340886113105057,6.955361682514511
10,6524,1.6733459249940907,2.662094959191247,3.140092152466079,3.7733454274684544,8,2.922629517896343,2.2507526874542236,2.310971487809318,29.10789425628062,63.279618436374186,20.166709900696652,26.46757146566291,9.786824388272274
10,6524,1.6733459249940907,2.662094959191247,3.140092152466079,3.7733454274684544,9,2.9978838924856914,8.608782291412354,2.422568096302297,25.86696359143483,55.75807479789425,20.166709900696652,23.748178516076873,12.613709820346083
10,6624,1.3914258619070607,2.2094713965198025,2.5603111899518303,2.697780448680048,2,1.6642352799815248,0.0432124137878418,1.6093190081967077,62.10330841622328,67.63490861286698,5.369240241878728,3.4123919188870118,-24.677219962978192
10,6624,1.3914258619070607,2.2094713965198025,2.5603111899518303,2.697780448680048,3,1.810188462423649,0.15488433837890625,1.6571831576985483,49.03312581431483,62.79313702576205,5.369240241878728,9.232854196852353,-18.071423541625144
10,6624,1.3914258619070607,2.2094713965198025,2.5603111899518303,2.697780448680048,4,1.9364910939060143,0.08776211738586426,1.6936171570969343,39.312824994122195,59.291043868755544,5.369240241878728,14.340545370087973,-12.355005049794572
10,6624,1.3914258619070607,2.2094713965198025,2.5603111899518303,2.697780448680048,5,2.062766277740959,0.340498685836792,1.740997740666443,30.78459143876085,54.95599940568301,5.369240241878728,18.481846906437973,-6.639828830095862
10,6624,1.3914258619070607,2.2094713965198025,2.5603111899518303,2.697780448680048,6,2.1452655370668796,0.5104281902313232,1.8009152800019723,25.7550826257432,49.800519693358005,5.369240241878728,19.12084709862255,-2.9059375719484426
10,6624,1.3914258619070607,2.2094713965198025,2.5603111899518303,2.697780448680048,7,2.1714105399188566,0.612891674041748,1.8254636423092008,24.240920778659454,47.78604109952974,5.369240241878728,18.951179831335068,-1.7226227350531267
10,6624,1.3914258619070607,2.2094713965198025,2.5603111899518303,2.697780448680048,8,2.3393221912232938,1.0375874042510986,1.846815077270843,15.32316748849832,46.07745420113915,5.369240241878728,26.667917108423232,5.8770072745916835
10,6624,1.3914258619070607,2.2094713965198025,2.5603111899518303,2.697780448680048,9,2.4008354769853884,2.311685800552368,1.8468150772708427,12.368401522769856,46.07745420113916,5.369240241878728,29.998693780064716,8.661079784377772
10,6724,2.057157928397404,3.264389347285026,3.8616744391999127,4.879150539540308,2,2.466013161903743,0.16796302795410156,2.0837974082586177,97.85581905709057,134.14706824199877,26.34805487515934,18.342270324855352,-24.457137321725668
10,6724,2.057157928397404,3.264389347285026,3.8616744391999127,4.879150539540308,3,2.709695676022751,0.2416667938232422,2.11545556114453,80.06267577257415,130.64301747376484,26.34805487515934,28.09040878914602,-16.992264471258935
10,6724,2.057157928397404,3.264389347285026,3.8616744391999127,4.879150539540308,4,3.1267777519531768,0.31165242195129395,2.3199939727324903,56.044046830398855,110.3087592849925,26.34805487515934,34.775253242164936,-4.215538671767204
10,6724,2.057157928397404,3.264389347285026,3.8616744391999127,4.879150539540308,5,3.2203292385905997,0.6448426246643066,2.458740364370912,51.510922581186236,98.44106397906218,26.34805487515934,30.9747578579549,-1.3497197793232254
10,6724,2.057157928397404,3.264389347285026,3.8616744391999127,4.879150539540308,6,3.3619978846084444,1.4173991680145264,2.5416598082142925,45.12652021220884,91.96709661031616,26.34805487515934,32.27568354124076,2.990100963434365
10,6724,2.057157928397404,3.264389347285026,3.8616744391999127,4.879150539540308,7,3.543318475186659,1.8262646198272705,2.5623837137632433,37.70002819978743,90.41451572350756,26.34805487515934,38.282118175921696,8.544603545334347
10,6724,2.057157928397404,3.264389347285026,3.8616744391999127,4.879150539540308,8,3.5583512866168827,3.7584831714630127,2.586782840494463,37.1182928984839,88.61848250886261,26.34805487515934,37.55894893506812,9.00511268903457
10,6724,2.057157928397404,3.264389347285026,3.8616744391999127,4.879150539540308,9,3.708809706830073,15.407613277435303,2.637018889963846,31.555699138593095,85.0252403617481,26.34805487515934,40.64403258335861,13.614195865290057
10,6824,1.5053527566473413,2.4406607893761247,2.796642600442283,3.3147811381567056,2,1.8472051887957681,0.08635663986206055,1.7333918429822477,79.44845316928117,91.23091824718213,18.527163164591727,6.5659329293778175,-24.31536586991485
10,6824,1.5053527566473413,2.4406607893761247,2.796642600442283,3.3147811381567056,3,2.0016971885097155,0.12865734100341797,1.8275614468002002,65.59853094586174,81.37727428866566,18.527163164591727,9.528311182882643,-17.985440778053224
10,6824,1.5053527566473413,2.4406607893761247,2.796642600442283,3.3147811381567056,4,2.1686451893655674,0.46826720237731934,1.8899188086997623,52.85032122412048,75.3927799912859,18.527163164591727,14.748061100972109,-11.145162047696488
10,6824,1.5053527566473413,2.4406607893761247,2.796642600442283,3.3147811381567056,5,2.2957622283942145,0.39113664627075195,1.9351011398321958,44.386953368217505,71.29756527579484,18.527163164591727,18.637841771582742,-5.936857821973238
10,6824,1.5053527566473413,2.4406607893761247,2.796642600442283,3.3147811381567056,6,2.4725268944575256,0.9613399505615234,2.0580659182579444,34.06451293157607,61.06292362892396,18.527163164591727,20.1383722709136,1.3056343273964914
10,6824,1.5053527566473413,2.4406607893761247,2.796642600442283,3.3147811381567056,7,2.5172119052880793,0.9973564147949219,2.1192800603928594,31.68462818696821,56.410717021620606,18.527163164591727,18.77674651558103,3.1364914061458866
10,6824,1.5053527566473413,2.4406607893761247,2.796642600442283,3.3147811381567056,8,2.5875157616082665,2.4779257774353027,2.167328479789529,28.106703245602976,52.94318185117037,18.527163164591727,19.3873372558433,6.017016902610231
10,6824,1.5053527566473413,2.4406607893761247,2.796642600442283,3.3147811381567056,9,2.6219512916945904,6.05280876159668,2.238653939809019,26.424207370165643,48.07027916246367,18.527163164591727,17.1217777374859,7.427927023189759
10,6924,1.1964622977833725,1.9239920391000727,2.277567248738919,2.7897434110135473,2,1.5163817822028096,0.034038543701171875,1.3568257435716586,83.97368286507356,105.60808373740966,22.487861228168708,11.759508498942647,-21.185651947287607
10,6924,1.1964622977833725,1.9239920391000727,2.277567248738919,2.7897434110135473,3,1.5996243121462073,0.056177377700805664,1.4229671917863238,74.39991314401591,96.05114068100468,22.487861228168708,12.414700871501942,-16.859099225045913
10,6924,1.1964622977833725,1.9239920391000727,2.277567248738919,2.7897434110135473,4,1.7557282146005653,0.18462157249450684,1.448368841398869,58.893807584462856,92.612774541542,22.487861228168708,21.22107051853183,-8.745557210216475
10,6924,1.1964622977833725,1.9239920391000727,2.277567248738919,2.7897434110135473,5,1.8353843958560496,0.29122233390808105,1.4655034175001866,51.997773181043684,90.36075779149057,22.487861228168708,25.239175421835263,-4.605405918699557
10,6924,1.1964622977833725,1.9239920391000727,2.277567248738919,2.7897434110135473,6,1.9441118719469659,0.4497952461242676,1.555844105898088,43.497061628439546,79.30738693149524,22.487861228168708,24.95544152379945,1.0457336848599472
10,6924,1.1964622977833725,1.9239920391000727,2.277567248738919,2.7897434110135473,7,1.9913263702369508,1.6111557483673096,1.5755834041760655,40.094735484349144,77.06097967390141,22.487861228168708,26.386604794069513,3.499719841271957
10,6924,1.1964622977833725,1.9239920391000727,2.277567248738919,2.7897434110135473,8,2.0434758732168334,1.7907533645629883,1.5911848063154044,36.519517924228865,75.3249151161493,22.487861228168708,28.42479799368924,6.210204184246423
10,6924,1.1964622977833725,1.9239920391000727,2.277567248738919,2.7897434110135473,9,2.120958714192008,9.912658452987671,1.6108870364494576,31.532188361163676,73.1805736771212,22.487861228168708,31.66402523585981,10.237395534342468
